-- phpMyAdmin SQL Dump
-- version 4.9.0.1
-- https://www.phpmyadmin.net/
--
-- Host: 127.0.0.1
-- Generation Time: Sep 07, 2022 at 11:53 AM
-- Server version: 10.3.16-MariaDB
-- PHP Version: 7.3.6

SET SQL_MODE = "NO_AUTO_VALUE_ON_ZERO";
SET AUTOCOMMIT = 0;
START TRANSACTION;
SET time_zone = "+00:00";


/*!40101 SET @OLD_CHARACTER_SET_CLIENT=@@CHARACTER_SET_CLIENT */;
/*!40101 SET @OLD_CHARACTER_SET_RESULTS=@@CHARACTER_SET_RESULTS */;
/*!40101 SET @OLD_COLLATION_CONNECTION=@@COLLATION_CONNECTION */;
/*!40101 SET NAMES utf8mb4 */;

--
-- Database: `wpu_namastra`
--

-- --------------------------------------------------------

--
-- Table structure for table `bulan`
--

CREATE TABLE `bulan` (
  `id_bulan` int(10) NOT NULL,
  `namabulan` varchar(30) DEFAULT NULL
) ENGINE=InnoDB DEFAULT CHARSET=latin1;

--
-- Dumping data for table `bulan`
--

INSERT INTO `bulan` (`id_bulan`, `namabulan`) VALUES
(1, 'Januari'),
(2, 'Februari'),
(3, 'Maret'),
(4, 'April'),
(5, 'Mei'),
(6, 'Juni'),
(7, 'Juli'),
(8, 'Agustus'),
(9, 'September'),
(10, 'Oktober'),
(11, 'November'),
(12, 'Desember');

-- --------------------------------------------------------

--
-- Table structure for table `cabang`
--

CREATE TABLE `cabang` (
  `kode_cabang` char(3) NOT NULL,
  `nama_cabang` varchar(50) NOT NULL,
  `alamat_cabang` varchar(255) DEFAULT NULL,
  `telepon` varchar(20) DEFAULT NULL
) ENGINE=MyISAM DEFAULT CHARSET=latin1;

--
-- Dumping data for table `cabang`
--

INSERT INTO `cabang` (`kode_cabang`, `nama_cabang`, `alamat_cabang`, `telepon`) VALUES
('PST', 'KPNO NAMASTRA PUSAT', 'JL. KOL. H. ACHMAD SYAM NO 179C', '0251 858 6888'),
('SKB', 'KC OTISTA', 'JL. OTTO ISKANDARDINATA NO 6, KEBONJATI, CIKOLE - KOTA SUKAB', '0266 622 7280'),
('PWT', 'KC PURWAKARTA', 'JL. JEND. AHMAD YANI NO.136, CIPAISAN', '0264 839 1222'),
('TAN', 'KC TANGCITY', 'RUKO TANGERANG CITY, JL. JENDRAL SUDIRMAN NO.1 BLOK A/29', '021 5578 0084'),
('BDG', 'KC BANDUNG', 'JL. MOH. TOHA NO.187, CISEUREUH, KEC. REGOL, KOTA BANDUNG', '022 4282 8356'),
('BGR', 'KC BOGOR', 'Jl. Kolonel Achmad Syam No. 179C Tanah Baru, Bogor Utara - Bogor', '0251 8586888');

-- --------------------------------------------------------

--
-- Table structure for table `deposito`
--

CREATE TABLE `deposito` (
  `id_depo` int(11) NOT NULL,
  `no_anggota` varchar(50) NOT NULL,
  `cabang` varchar(20) NOT NULL,
  `produk` varchar(50) NOT NULL,
  `no_rekening` varchar(50) NOT NULL,
  `nobilyet` varchar(30) NOT NULL,
  `nama_anggota` varchar(50) NOT NULL,
  `tgl_penempatan` date NOT NULL,
  `jangka_waktu` int(10) NOT NULL,
  `jatem` date NOT NULL,
  `nominal` int(11) NOT NULL
) ENGINE=InnoDB DEFAULT CHARSET=latin1;

--
-- Dumping data for table `deposito`
--

INSERT INTO `deposito` (`id_depo`, `no_anggota`, `cabang`, `produk`, `no_rekening`, `nobilyet`, `nama_anggota`, `tgl_penempatan`, `jangka_waktu`, `jatem`, `nominal`) VALUES
(48, '0000002763', 'KPNO NAMASTRA PUSAT', 'DEPOSITO APP MANDIRI SEJAHTERA', '00096000000591', '0000574', 'ADRIANUS RAHARDJA', '2021-10-04', 12, '2022-10-04', 1000000),
(49, '0000001442', 'KPNO NAMASTRA PUSAT', 'DEPOSITO APP MANDIRI SEJAHTERA', '00096000000616', '0000599', 'Adam Febrian Mulyadi', '2022-07-04', 12, '2023-07-04', 1000000),
(50, '0000001442', 'KPNO NAMASTRA PUSAT', 'DEPOSITO DANA APP KOMERSIL 1', '00066000000615', '0000598', 'Adam Febrian Mulyadi', '2022-06-06', 90, '2022-09-04', 4000000),
(51, '0000001442', 'KPNO NAMASTRA PUSAT', 'DEPOSITO APP MANDIRI SEJAHTERA', '00096000000584', '0000567', 'Adam Febrian Mulyadi', '2021-09-06', 12, '2022-09-06', 1000000),
(52, '0000003043', 'KPNO NAMASTRA PUSAT', 'DEPOSIT DANA APP KOMERSIL 2', '00067000000606', '0000589', 'DWI RAHAYU', '2022-03-07', 180, '2022-09-03', 500000),
(53, '0000003142', 'KPNO NAMASTRA PUSAT', 'DEPOSIT DANA APP KOMERSIL 2', '00067000000607', '0000590', 'RISKI NUR WIJAYANTI', '2022-03-07', 180, '2022-09-03', 500000),
(54, '0000003881', 'KPNO NAMASTRA PUSAT', 'DEPOSIT DANA APP KOMERSIL 2', '00067000000612', '0000595', 'ANDREA ANANTA YUDA', '2022-05-09', 180, '2022-11-05', 500000),
(55, '0000002084', 'KPNO NAMASTRA PUSAT', 'DEPOSIT DANA APP KOMERSIL 2', '00067000000602', '0000585', 'Riklof R Ritbyab', '2022-02-22', 180, '2022-08-21', 500000),
(56, '0000003042', 'KPNO NAMASTRA PUSAT', 'DEPOSIT DANA APP KOMERSIL 2', '00067000000603', '0000586', 'CUCU SUMIARSIH', '2022-02-22', 180, '2022-08-21', 500000),
(57, '0000002929', 'KPNO NAMASTRA PUSAT', 'DEPOSITO DANA APP KOMERSIL 1', '00066000000614', '0000597', 'RIZAL PRAJUGA', '2022-05-23', 90, '2022-08-21', 47000000),
(58, '0000100252', 'KPO PANDU', 'NAMASTRA MAKMUR 6', '00122000002706', '011903234', 'PAULUS DURAN COREBIMA', '2022-03-01', 6, '2022-09-01', 20000000),
(59, '0000100154', 'KPO PANDU', 'NAMASTRA MAKMUR 6', '00122000002707', '011903235', 'CS. WIDHI HASTUTI S', '2022-03-01', 6, '2022-09-01', 10422710),
(60, '0000100345', 'KPO PANDU', 'NAMASTRA MAKMUR 6', '00122000002708', '011903236', 'SUGIHARTO YASASOEWARNA', '2022-03-01', 6, '2022-09-01', 150000000),
(61, '0000100321', 'KPO PANDU', 'NAMASTRA MAKMUR 6', '00122000002755', '011903275', 'NATALIA KRISTIN PANDIANGAN', '2022-04-01', 6, '2022-10-01', 25000000),
(62, '0000100252', 'KPO PANDU', 'NAMASTRA MAKMUR 6', '00122000002756', '011903276', 'PAULUS DURAN COREBIMA', '2022-04-01', 6, '2022-10-01', 100000000),
(63, '0000101660', 'KPO PANDU', 'NAMASTRA MAKMUR 6', '00122000002757', '011903277', 'YULITA LIES LESTARI', '2022-04-01', 6, '2022-10-01', 51675162),
(64, '0000005344', 'KPO PANDU', 'NAMASTRA MAKMUR 6', '00122000002758', '011903278', 'FITRI HENDRIANI', '2022-04-01', 6, '2022-10-01', 10304614),
(65, '0000101755', 'KPO PANDU', 'NAMASTRA MAKMUR 6', '00122000002759', '011903279', 'CHILA ANITA ', '2022-04-01', 6, '2022-10-01', 103659020),
(66, '0000100150', 'KPO PANDU', 'NAMASTRA MAKMUR 6', '00122000002880', '0011903393', 'REGINA IDA COREBIMA', '2022-07-01', 6, '2023-01-01', 35000000),
(67, '0000100007', 'KPO PANDU', 'NAMASTRA MAKMUR 6', '00122000002930', '0011903441', 'IMAN SIDIK TJANDRA', '2022-08-01', 6, '2023-02-01', 300000000),
(68, '0000100915', 'KPO PANDU', 'NAMASTRA MAKMUR 12', '00124000002540', '01903042', 'TAN JONG NIO', '2021-11-01', 12, '2022-11-01', 120000000),
(69, '0000101436', 'KPO PANDU', 'NAMASTRA MAKMUR 12', '00124000002541', '01903043', 'TAN GIOK HWA NIO', '2021-11-01', 12, '2022-11-01', 20000000),
(70, '0000100314', 'KPO PANDU', 'NAMASTRA MAKMUR 12', '00124000002542', '01903044', 'DEDY SURYANTO', '2021-11-01', 12, '2022-11-01', 85000000),
(71, '0000004528', 'KPO PANDU', 'NAMASTRA MAKMUR 12', '00124000002760', '011903280', 'AGUSTINA MERDEKAWATI SIELLIAGA', '2022-04-01', 12, '2023-04-01', 51984203),
(72, '0000004765', 'KPO PANDU', 'NAMASTRA MAKMUR 6 BUNGA AWAL', '00190000002705', '01903233', 'RITA LESMANA', '2022-03-01', 6, '2022-09-01', 100000000),
(73, '0000100915', 'KPO PANDU', 'NAMASTRA MAKMUR 12 BUNGA AWAL', '00191000002583', '01903117', 'TAN JONG NIO', '2021-12-01', 12, '2022-12-01', 50000000),
(74, '0000100846', 'KPO PANDU', 'NAMASTRA MAKMUR 6', '00122000002321', '011903357', 'DRS TOMMY WARDIATMO', '2021-06-02', 6, '2022-12-02', 10000000),
(75, '0000101346', 'KPO PANDU', 'NAMASTRA MAKMUR 6', '00122000002709', '011903237', 'H. RADJA ALAMIN LUBIS', '2022-03-02', 6, '2022-09-02', 200000000),
(76, '0000000002', 'KPO PANDU', 'NAMASTRA MAKMUR 6', '00122000002710', '011903238', 'RANGGA WIDI ADRIANSYAH', '2022-03-02', 6, '2022-09-02', 6600000),
(77, '0000000003', 'KPO PANDU', 'NAMASTRA MAKMUR 6', '00122000002711', '011903239', 'LUSI HENDRIASTUTI', '2022-03-02', 6, '2022-09-02', 31000000),
(78, '0000002242', 'KPO PANDU', 'NAMASTRA MAKMUR 6', '00122000002932', '0011903443', 'Lie Tjauw Djoe', '2022-08-02', 6, '2023-02-02', 300000000),
(79, '0000100314', 'KPO PANDU', 'NAMASTRA MAKMUR 12', '00124000002544', '01903046', 'DEDY SURYANTO', '2021-11-02', 12, '2022-11-02', 30000000),
(80, '0000100463', 'KPO PANDU', 'NAMASTRA MAKMUR 12', '00124000002666', '01903197', 'RENNY OKVI NUGRAHAENI', '2022-02-02', 12, '2023-02-02', 50000000),
(81, '0000100314', 'KPO PANDU', 'NAMASTRA MAKMUR 12', '00124000002667', '01903198', 'DEDY SURYANTO', '2022-02-02', 12, '2023-02-02', 115000000),
(82, '0000101436', 'KPO PANDU', 'NAMASTRA MAKMUR 12', '00124000002931', '0011903442', 'TAN GIOK HWA NIO', '2022-08-02', 12, '2023-08-02', 10000000),
(83, '0000101577', 'KPO PANDU', 'NAMASTRA MAKMUR 12 BUNGA AWAL', '00191000002584', '01903118', 'EVIE YANA', '2021-12-02', 12, '2022-12-02', 35000000),
(84, '0000100611', 'KPO PANDU', 'NAMASTRA MAKMUR 12 BUNGA AWAL', '00191000002585', '01903119', 'IWAN KUSUMA', '2021-12-02', 12, '2022-12-02', 50000000),
(85, '0000100345', 'KPO PANDU', 'NAMASTRA MAKMUR 6', '00122000002631', '01903164', 'SUGIHARTO YASASOEWARNA', '2022-01-03', 6, '2023-01-03', 50000000),
(86, '0000100366', 'KPO PANDU', 'NAMASTRA MAKMUR 6', '00122000002670', '01903201', 'INDRAJATI BUNTONO', '2022-02-03', 6, '2023-02-03', 50000000),
(87, '0000100150', 'KPO PANDU', 'NAMASTRA MAKMUR 6', '00122000002934', '0011903445', 'REGINA IDA COREBIMA', '2022-08-03', 6, '2023-02-03', 50000000),
(88, '0000101508', 'KPO PANDU', 'NAMASTRA MAKMUR 6', '00122000002935', '0011903446', 'SRI HARTATI YANTI', '2022-08-03', 6, '2023-02-03', 200000000),
(89, '0000100747', 'KPO PANDU', 'NAMASTRA MAKMUR 12', '00124000002588', '01903122', 'EMMY KUSIRAN', '2021-12-03', 12, '2022-12-03', 65000000),
(90, '0000100370', 'KPO PANDU', 'DEPOSITO DANA APP KOMERSIL 1', '00166000002936', '010001323', 'DESMARIA', '2022-08-03', 90, '2022-11-01', 1500000),
(91, '0000004583', 'KPO PANDU', 'NAMASTRA MAKMUR 12 BUNGA AWAL', '00191000002933', '0011903444', 'KUSNIADI SIELLIAGA', '2022-08-03', 12, '2023-08-03', 250000000),
(92, '0000005281', 'KPO PANDU', 'NAMASTRA MAKMUR 6', '00122000002713', '011903241', 'NENDEN LILLAH SHOLIHAH', '2022-03-04', 6, '2022-09-04', 20767279),
(93, '0000101463', 'KPO PANDU', 'NAMASTRA MAKMUR 6', '00122000002883', '0011903396', 'ROMAULI MARPAUNG', '2022-07-04', 6, '2023-01-04', 30000000),
(94, '0000100369', 'KPO PANDU', 'NAMASTRA MAKMUR 6', '00122000002884', '0011903397', 'TINI SRI AGUSTINI', '2022-07-04', 6, '2023-01-04', 55000000),
(95, '0000101436', 'KPO PANDU', 'NAMASTRA MAKMUR 12', '00124000002712', '011903240', 'TAN GIOK HWA NIO', '2022-03-04', 12, '2023-03-04', 20843864),
(96, '0000100007', 'KPO PANDU', 'NAMASTRA MAKMUR 12', '00124000002882', '0011903395', 'IMAN SIDIK TJANDRA', '2022-07-04', 12, '2023-07-04', 100000000),
(97, '0000004636', 'KPO PANDU', 'NAMASTRA MAKMUR 12', '00124000002937', '0011903447', 'PEPEN PENDI', '2022-08-04', 12, '2023-08-04', 10000000),
(98, '0000005076', 'KPO PANDU', 'NAMASTRA MAKMUR 6 BUNGA AWAL', '00190000002885', '0011903398', 'SISKA KUSUMAWATI', '2022-07-04', 6, '2023-01-04', 30000000),
(99, '0000000602', 'KPO PANDU', 'NAMASTRA MAKMUR 6 BUNGA AWAL', '00190000002938', '0011903448', 'ANNISA NADZIRANI', '2022-08-04', 6, '2023-02-04', 50000000),
(100, '0000004584', 'KPO PANDU', 'NAMASTRA MAKMUR 12 BUNGA AWAL', '00191000002547', '01903048', 'ENDANG', '2021-11-04', 12, '2022-11-04', 10000000),
(101, '0000005130', 'KPO PANDU', 'NAMASTRA MAKMUR 12 BUNGA AWAL', '00191000002673', '01903204', 'HANNIE GANDHI UTAMA', '2022-02-04', 12, '2023-02-04', 25000000),
(102, '0000005616', 'KPO PANDU', 'NAMASTRA MAKMUR 12 BUNGA AWAL', '00191000002881', '0011903394', 'TAN HENDRA GUNAWAN', '2022-07-04', 12, '2023-07-04', 2147483647),
(103, '0000100862', 'KPO PANDU', 'NAMASTRA MAKMUR 12 BUNGA AWAL', '00191000002939', '0011903449', 'CHANDRA SOEWANA', '2022-08-04', 12, '2023-08-04', 50000000),
(104, '0000100370', 'KPO PANDU', 'DEPOSITO APP MANDIRI SEJAHTERA', '00196000002715', '010001308', 'DESMARIA', '2022-03-04', 12, '2023-03-04', 10000000),
(105, '0000000569', 'KPO PANDU', 'NAMASTRA MAKMUR 6', '00122000002761', '011903281', 'KRISTANTI CANDRA', '2022-04-05', 6, '2022-10-05', 50000000),
(106, '0000100592', 'KPO PANDU', 'NAMASTRA MAKMUR 6', '00122000002886', '0011903399', 'CHRISTIN MAJORAH', '2022-07-05', 6, '2023-01-05', 150000000),
(107, '0000100321', 'KPO PANDU', 'NAMASTRA MAKMUR 6', '00122000002940', '0011903450', 'NATALIA KRISTIN PANDIANGAN', '2022-08-05', 6, '2023-02-05', 50000000),
(108, '0000101754', 'KPO PANDU', 'DEPOSITO APP 300', '00160000002763', '010001313', 'ERMA MAYA CHRISTINA', '2022-04-05', 300, '2023-01-30', 5000000),
(109, '0000101672', 'KPO PANDU', 'NAMASTRA MAKMUR 6', '00122000002888', '0011903401', 'TENIA ANINGRUM', '2022-07-06', 6, '2023-01-06', 15000000),
(110, '0000101474', 'KPO PANDU', 'NAMASTRA MAKMUR 12', '00124000002476', '01902992', 'LIU MUK TJIU ', '2021-09-06', 12, '2022-09-06', 10000000),
(111, '0000101575', 'KPO PANDU', 'NAMASTRA MAKMUR 12', '00124000002889', '0011903402', 'KEZIA NATALIA', '2022-07-06', 12, '2023-07-06', 20152877),
(112, '0000101754', 'KPO PANDU', 'DEPOSITO APP 300', '00160000002765', '010001314', 'ERMA MAYA CHRISTINA', '2022-04-06', 300, '2023-01-31', 7000000),
(113, '0000101577', 'KPO PANDU', 'NAMASTRA MAKMUR 12 BUNGA AWAL', '00191000002764', '011903283', 'EVIE YANA', '2022-04-06', 12, '2023-04-06', 20000000),
(114, '0000005623', 'KPO PANDU', 'NAMASTRA MAKMUR 12 BUNGA AWAL', '00191000002887', '0011903400', 'DEWI RATNA SARI', '2022-07-06', 12, '2023-07-06', 1000000000),
(115, '0000101672', 'KPO PANDU', 'NAMASTRA MAKMUR 6', '00122000002766', '011903284', 'TENIA ANINGRUM', '2022-04-07', 6, '2022-10-07', 20000000),
(116, '0000100342', 'KPO PANDU', 'NAMASTRA MAKMUR 6', '00122000002841', '011903355', 'WATI LIE', '2022-06-07', 6, '2022-12-07', 15000000),
(117, '0000004278', 'KPO PANDU', 'NAMASTRA MAKMUR 6', '00122000002893', '0011903406', 'DIAH PRASETYARINI', '2022-07-07', 6, '2023-01-07', 50000000),
(118, '0000100463', 'KPO PANDU', 'NAMASTRA MAKMUR 6', '00122000002895', '0011903408', 'RENNY OKVI NUGRAHAENI', '2022-07-07', 6, '2023-01-07', 10000000),
(119, '0000005632', 'KPO PANDU', 'NAMASTRA MAKMUR 6', '00122000002897', '0011903410', 'SRI WIDIANINGSIH', '2022-07-07', 6, '2023-01-07', 20114657),
(120, '0000100457', 'KPO PANDU', 'NAMASTRA MAKMUR 6', '00122000002899', '0011903412', 'PETRUS COREBIMA', '2022-07-07', 6, '2023-01-07', 110000000),
(121, '0000100508', 'KPO PANDU', 'NAMASTRA MAKMUR 12', '00124000002512', '01903022', 'NEFI MULYATI', '2021-10-07', 12, '2022-10-07', 20000000),
(122, '0000100314', 'KPO PANDU', 'NAMASTRA MAKMUR 12', '00124000002590', '01903123', 'DEDY SURYANTO', '2021-12-07', 12, '2022-12-07', 77000000),
(123, '0000101163', 'KPO PANDU', 'NAMASTRA MAKMUR 12', '00124000002767', '011903285', 'DAVID MULYAWAN', '2022-04-07', 12, '2023-04-07', 50000000),
(124, '0000005633', 'KPO PANDU', 'NAMASTRA MAKMUR 12', '00124000002898', '0011903411', 'DIFA OCTAFANNY', '2022-07-07', 12, '2023-07-07', 10068794),
(125, '0000101849', 'KPO PANDU', 'DEPOSIT DANA APP KOMERSIL 2', '00167000002716', '010001309', 'NANCY LAUWRENTZ', '2022-03-07', 180, '2022-09-03', 12900000),
(126, '0000000602', 'KPO PANDU', 'NAMASTRA MAKMUR 6 BUNGA AWAL', '00190000002894', '0011903407', 'ANNISA NADZIRANI', '2022-07-07', 6, '2023-01-07', 40000000),
(127, '0000005634', 'KPO PANDU', 'NAMASTRA MAKMUR 6 BUNGA AWAL', '00190000002896', '0011903409', 'IBNU SOFYAN', '2022-07-07', 6, '2023-01-07', 10000000),
(128, '0000100611', 'KPO PANDU', 'NAMASTRA MAKMUR 12 BUNGA AWAL', '00191000002478', '01902993', 'IWAN KUSUMA', '2021-09-07', 12, '2022-09-07', 50000000),
(129, '0000100862', 'KPO PANDU', 'DEPOSITO APP MANDIRI SEJAHTERA', '00196000002479', '00001508', 'CHANDRA SOEWANA', '2021-09-07', 12, '2022-09-07', 25000000),
(130, '0000101463', 'KPO PANDU', 'NAMASTRA MAKMUR 6', '00122000002717', '011903242', 'ROMAULI MARPAUNG', '2022-03-08', 6, '2022-09-08', 60000000),
(131, '0000100150', 'KPO PANDU', 'NAMASTRA MAKMUR 6', '00122000002718', '011903243', 'REGINA IDA COREBIMA', '2022-03-08', 6, '2022-09-08', 100000000),
(132, '0000005344', 'KPO PANDU', 'NAMASTRA MAKMUR 6', '00122000002770', '011903288', 'FITRI HENDRIANI', '2022-04-08', 6, '2022-10-08', 10304614),
(133, '0000100369', 'KPO PANDU', 'NAMASTRA MAKMUR 6', '00122000002771', '011903289', 'TINI SRI AGUSTINI', '2022-04-08', 6, '2022-10-08', 35000000),
(134, '0000002124', 'KPO PANDU', 'NAMASTRA MAKMUR 6', '00122000002890', '0011903403', 'EARLENE TRISNO', '2022-07-08', 6, '2023-01-08', 75000000),
(135, '0000101508', 'KPO PANDU', 'NAMASTRA MAKMUR 6', '00122000002941', '0011903451', 'SRI HARTATI YANTI', '2022-08-08', 6, '2023-02-08', 550000000),
(136, '0000100507', 'KPO PANDU', 'NAMASTRA MAKMUR 12', '00124000002514', '01903024', 'SRI CAROULINA TARIGAN', '2021-10-08', 12, '2022-10-08', 50000000),
(137, '0000100370', 'KPO PANDU', 'NAMASTRA MAKMUR 12', '00124000002594', '01903127', 'DESMARIA', '2021-12-08', 12, '2022-12-08', 16208991),
(138, '0000005150', 'KPO PANDU', 'NAMASTRA MAKMUR 12', '00124000002681', '01903211', 'OKTAVIANA DWI AMARTANI', '2022-02-08', 12, '2023-02-08', 10000000),
(139, '0000100314', 'KPO PANDU', 'NAMASTRA MAKMUR 12', '00124000002719', '011903244', 'DEDY SURYANTO', '2022-03-08', 12, '2023-03-08', 106000000),
(140, '0000004583', 'KPO PANDU', 'NAMASTRA MAKMUR 12', '00124000002891', '0011903404', 'KUSNIADI SIELLIAGA', '2022-07-08', 12, '2023-07-08', 30298110),
(141, '0000004584', 'KPO PANDU', 'NAMASTRA MAKMUR 12', '00124000002892', '0011903405', 'ENDANG', '2022-07-08', 12, '2023-07-08', 30000000),
(142, '0000101426', 'KPO PANDU', 'NAMASTRA MAKMUR 6 BUNGA AWAL', '00190000002720', '011903245', 'TINA SEPTIANA', '2022-03-08', 6, '2022-09-08', 15000000),
(143, '0000100752', 'KPO PANDU', 'NAMASTRA MAKMUR 12 BUNGA AWAL', '00191000002481', '01902994', 'MINTARSIH', '2021-09-08', 12, '2022-09-08', 15000000),
(144, '0000005421', 'KPO PANDU', 'NAMASTRA MAKMUR 12 BUNGA AWAL', '00191000002942', '0011903452', 'YANY HERAWATY', '2022-08-08', 12, '2023-08-08', 20000000),
(145, '0000101508', 'KPO PANDU', 'NAMASTRA MAKMUR 6', '00122000002721', '011903246', 'SRI HARTATI YANTI', '2022-03-09', 6, '2022-09-09', 500000000),
(146, '0000100150', 'KPO PANDU', 'NAMASTRA MAKMUR 6', '00122000002722', '011903247', 'REGINA IDA COREBIMA', '2022-03-09', 6, '2022-09-09', 100000000),
(147, '0000100457', 'KPO PANDU', 'NAMASTRA MAKMUR 6', '00122000002723', '011903248', 'PETRUS COREBIMA', '2022-03-09', 6, '2022-09-09', 100000000),
(148, '0000100369', 'KPO PANDU', 'NAMASTRA MAKMUR 6', '00122000002797', '011903315', 'TINI SRI AGUSTINI', '2022-05-09', 6, '2022-11-09', 15000000),
(149, '0000100592', 'KPO PANDU', 'NAMASTRA MAKMUR 6', '00122000002798', '011903316', 'CHRISTIN MAJORAH', '2022-05-09', 6, '2022-11-09', 10000000),
(150, '0000100321', 'KPO PANDU', 'NAMASTRA MAKMUR 6', '00122000002807', '0011903325', 'NATALIA KRISTIN PANDIANGAN', '2022-05-09', 6, '2022-11-09', 25000000),
(151, '0000101660', 'KPO PANDU', 'NAMASTRA MAKMUR 6', '00122000002808', '0011903326', 'YULITA LIES LESTARI', '2022-05-09', 6, '2022-11-09', 36042342),
(152, '0000100492', 'KPO PANDU', 'NAMASTRA MAKMUR 6', '00122000002943', '0011903453', 'TUTI SUMIATI ', '2022-08-09', 6, '2023-02-09', 50000000),
(153, '0000101477', 'KPO PANDU', 'NAMASTRA MAKMUR 6', '00122000002944', '0011903454', 'ALEXANDER SILALAHI ', '2022-08-09', 6, '2023-02-09', 10000000),
(154, '0000000942', 'KPO PANDU', 'NAMASTRA MAKMUR 12', '00124000002552', '01903053', 'LISA', '2021-11-09', 12, '2022-11-09', 13156035),
(155, '0000100314', 'KPO PANDU', 'NAMASTRA MAKMUR 12', '00124000002553', '01903052', 'DEDY SURYANTO', '2021-11-09', 12, '2022-11-09', 114500000),
(156, '0000101957', 'KPO PANDU', 'NAMASTRA MAKMUR 12', '00124000002795', '011903313', 'LIANA SAGITA', '2022-05-09', 12, '2023-05-09', 51489060),
(157, '0000101436', 'KPO PANDU', 'NAMASTRA MAKMUR 12', '00124000002800', '011903318', 'TAN GIOK HWA NIO', '2022-05-09', 12, '2023-05-09', 10205556),
(158, '0000004528', 'KPO PANDU', 'NAMASTRA MAKMUR 12', '00124000002803', '0011903321', 'AGUSTINA MERDEKAWATI SIELLIAGA', '2022-05-09', 12, '2023-05-09', 260000000),
(159, '0000004211', 'KPO PANDU', 'NAMASTRA MAKMUR 12', '00124000002805', '0011903323', 'NDARI', '2022-05-09', 12, '2023-05-09', 25000000),
(160, '0000005040', 'KPO PANDU', 'NAMASTRA MAKMUR 6 BUNGA AWAL', '00190000002724', '011903249', 'REGINA FRISKA PANJAITAN ', '2022-03-09', 6, '2022-09-09', 10000000),
(161, '0000101532', 'KPO PANDU', 'NAMASTRA MAKMUR 6 BUNGA AWAL', '00190000002799', '011903317', 'FIRLITA PRIAMBUDI', '2022-05-09', 6, '2022-11-09', 20000000),
(162, '0000100846', 'KPO PANDU', 'NAMASTRA MAKMUR 6 BUNGA AWAL', '00190000002801', '011903319', 'DRS TOMMY WARDIATMO', '2022-05-09', 6, '2022-11-09', 100000000),
(163, '0000000389', 'KPO PANDU', 'NAMASTRA MAKMUR 12 BUNGA AWAL', '00191000002796', '011903314', 'YENNY YASINTA', '2022-05-09', 12, '2023-05-09', 30000000),
(164, '0000005421', 'KPO PANDU', 'NAMASTRA MAKMUR 12 BUNGA AWAL', '00191000002802', '011903320', 'YANY HERAWATY', '2022-05-09', 12, '2023-05-09', 10000000),
(165, '0000005176', 'KPO PANDU', 'NAMASTRA MAKMUR 6', '00122000002684', '01903214', 'BADRINEL', '2022-02-10', 6, '2023-02-10', 10000000),
(166, '0000101443', 'KPO PANDU', 'NAMASTRA MAKMUR 6', '00122000002725', '011903250', 'L SOFIAN LIMANSYAH', '2022-03-10', 6, '2022-09-10', 20000000),
(167, '0000100321', 'KPO PANDU', 'NAMASTRA MAKMUR 6', '00122000002726', '011903251', 'NATALIA KRISTIN PANDIANGAN', '2022-03-10', 6, '2022-09-10', 50000000),
(168, '0000100007', 'KPO PANDU', 'NAMASTRA MAKMUR 6', '00122000002842', '011903356', 'IMAN SIDIK TJANDRA', '2022-06-10', 6, '2022-12-10', 413000000),
(169, '0000005683', 'KPO PANDU', 'NAMASTRA MAKMUR 6', '00122000002946', '0011903456', 'PHOEBE JOSHUA ISTYAPUTRA', '2022-08-10', 6, '2023-02-10', 50000000),
(170, '0000100915', 'KPO PANDU', 'NAMASTRA MAKMUR 12', '00124000002116', '01902917', 'TAN JONG NIO', '2021-03-10', 12, '2023-03-10', 70000000),
(171, '0000100747', 'KPO PANDU', 'NAMASTRA MAKMUR 12', '00124000002639', '01903172', 'EMMY KUSIRAN', '2022-01-10', 12, '2023-01-10', 25000000),
(172, '0000100747', 'KPO PANDU', 'NAMASTRA MAKMUR 12', '00124000002727', '011903252', 'EMMY KUSIRAN', '2022-03-10', 12, '2023-03-10', 80000000),
(173, '0000004528', 'KPO PANDU', 'NAMASTRA MAKMUR 12', '00124000002945', '0011903455', 'AGUSTINA MERDEKAWATI SIELLIAGA', '2022-08-10', 12, '2023-08-10', 150000000),
(174, '0000100286', 'KPO PANDU', 'NAMASTRA MAKMUR 6', '00122000002809', '0011903327', 'BEAKTRIS TUPAT DURAN', '2022-05-11', 6, '2022-11-11', 17000000),
(175, '0000100342', 'KPO PANDU', 'NAMASTRA MAKMUR 6', '00122000002811', '0011903329', 'WATI LIE', '2022-05-11', 6, '2022-11-11', 10000000),
(176, '0000100152', 'KPO PANDU', 'NAMASTRA MAKMUR 6', '00122000002812', '0011903330', 'SUWARNI', '2022-05-11', 6, '2022-11-11', 40000000),
(177, '0000100369', 'KPO PANDU', 'NAMASTRA MAKMUR 6', '00122000002813', '0011903331', 'TINI SRI AGUSTINI', '2022-05-11', 6, '2022-11-11', 40000000),
(178, '0000100592', 'KPO PANDU', 'NAMASTRA MAKMUR 6', '00122000002814', '0011903332', 'CHRISTIN MAJORAH', '2022-05-11', 6, '2022-11-11', 20457138),
(179, '0000100345', 'KPO PANDU', 'NAMASTRA MAKMUR 6', '00122000002815', '0011903333', 'SUGIHARTO YASASOEWARNA', '2022-05-11', 6, '2022-11-11', 100000000),
(180, '0000100592', 'KPO PANDU', 'NAMASTRA MAKMUR 6', '00122000002816', '0011903334', 'CHRISTIN MAJORAH', '2022-05-11', 6, '2022-11-11', 60000000),
(181, '0000004570', 'KPO PANDU', 'NAMASTRA MAKMUR 6', '00122000002901', '0011903413', 'RUDY MULIAWAN SIELLIAGA', '2022-07-11', 6, '2023-01-11', 50000000),
(182, '0000005143', 'KPO PANDU', 'NAMASTRA MAKMUR 6', '00122000002902', '0011903415', 'FUAD ADAFI', '2022-07-11', 6, '2023-01-11', 100000000),
(183, '0000101556', 'KPO PANDU', 'NAMASTRA MAKMUR 6', '00122000002947', '0011903457', 'SUSILAWATI', '2022-08-11', 6, '2023-02-11', 10000000),
(184, '0000101509', 'KPO PANDU', 'NAMASTRA MAKMUR 12', '00124000002291', '01902245', 'SULIANTI', '2021-05-11', 12, '2023-05-11', 150000000),
(185, '0000100314', 'KPO PANDU', 'NAMASTRA MAKMUR 12', '00124000002641', '01903173', 'DEDY SURYANTO', '2022-01-11', 12, '2023-01-11', 195000000),
(186, '0000101957', 'KPO PANDU', 'NAMASTRA MAKMUR 12', '00124000002685', '01903215', 'LIANA SAGITA', '2022-02-11', 12, '2023-02-11', 26370193),
(187, '0000101754', 'KPO PANDU', 'DEPOSITO DANA APP KOMERSIL 1', '00166000002903', '0011903416', 'ERMA MAYA CHRISTINA', '2022-07-11', 90, '2022-10-09', 1000000),
(188, '0000101166', 'KPO PANDU', 'NAMASTRA MAKMUR 12 BUNGA AWAL', '00191000002643', '01903175', 'AGNES YULIANA', '2022-01-11', 12, '2023-01-11', 20000000),
(189, '0000100862', 'KPO PANDU', 'DEPOSITO APP MANDIRI SEJAHTERA', '00196000002728', '010001310', 'CHANDRA SOEWANA', '2022-03-11', 12, '2023-03-11', 20000000),
(190, '0000101520', 'KPO PANDU', 'NAMASTRA MAKMUR 6', '00122000002773', '011903290', 'GRACE SIFERA', '2022-04-12', 6, '2022-10-12', 100000000),
(191, '0000101639', 'KPO PANDU', 'NAMASTRA MAKMUR 6', '00122000002774', '011903291', 'REISHA WIDIA ANGGIANY', '2022-04-12', 6, '2022-10-12', 43277773),
(192, '0000004570', 'KPO PANDU', 'NAMASTRA MAKMUR 6', '00122000002904', '0011903417', 'RUDY MULIAWAN SIELLIAGA', '2022-07-12', 6, '2023-01-12', 70000000),
(193, '0000004533', 'KPO PANDU', 'NAMASTRA MAKMUR 6', '00122000002950', '0011903460', 'EGA AULIA HARDINI', '2022-08-12', 6, '2023-02-12', 10000000),
(194, '0000100150', 'KPO PANDU', 'NAMASTRA MAKMUR 12', '00124000002948', '0011903458', 'REGINA IDA COREBIMA', '2022-08-12', 12, '2023-08-12', 250000000),
(195, '0000004528', 'KPO PANDU', 'NAMASTRA MAKMUR 12', '00124000002949', '0011903459', 'AGUSTINA MERDEKAWATI SIELLIAGA', '2022-08-12', 12, '2023-08-12', 100000000),
(196, '0000101857', 'KPO PANDU', 'NAMASTRA MAKMUR 3 BUNGA AWAL', '00189000002952', '0011901402', 'PUSPA PUMITA HAPSORO', '2022-08-12', 3, '2022-11-12', 100000000),
(197, '0000101951', 'KPO PANDU', 'NAMASTRA MAKMUR 6 BUNGA AWAL', '00190000002775', '011903294', 'F. DIMAS BAGUS KAMARAGIL', '2022-04-12', 6, '2022-10-12', 15000000),
(198, '0000101857', 'KPO PANDU', 'NAMASTRA MAKMUR 6 BUNGA AWAL', '00190000002951', '0011901401', 'PUSPA PUMITA HAPSORO', '2022-08-12', 6, '2023-02-12', 100000000),
(199, '0000101530', 'KPO PANDU', 'NAMASTRA MAKMUR 6', '00122000002843', '011903358', 'DENELLA', '2022-06-13', 6, '2022-12-13', 20226324),
(200, '0000101508', 'KPO PANDU', 'NAMASTRA MAKMUR 6', '00122000002906', '0011903419', 'SRI HARTATI YANTI', '2022-07-13', 6, '2023-01-13', 550000000),
(201, '0000004211', 'KPO PANDU', 'NAMASTRA MAKMUR 12', '00124000002595', '01903129', 'NDARI', '2021-12-13', 12, '2022-12-13', 20000000),
(202, '0000101745', 'KPO PANDU', 'NAMASTRA MAKMUR 12 BUNGA AWAL', '00191000002817', '0011903335', 'MEITA DEVITA', '2022-05-13', 12, '2023-05-13', 20000000),
(203, '0000101024', 'KPO PANDU', 'NAMASTRA MAKMUR 12 BUNGA AWAL', '00191000002905', '0011903418', 'WINARSIH ANGGAWIKARA', '2022-07-13', 12, '2023-07-13', 10000000),
(204, '0000101754', 'KPO PANDU', 'DEPOSITO APP MANDIRI SEJAHTERA', '00196000002844', '010001321', 'ERMA MAYA CHRISTINA', '2022-06-13', 12, '2023-06-13', 2000000),
(205, '0000005022', 'KPO PANDU', 'NAMASTRA MAKMUR 3', '00121000002845', '011903359', 'EFRAMITA', '2022-06-14', 3, '2022-09-14', 10075362),
(206, '0000100680', 'KPO PANDU', 'NAMASTRA MAKMUR 6', '00122000002686', '01903216', 'LUKMAN NUGRAHA', '2022-02-14', 6, '2023-02-14', 30688735),
(207, '0000003966', 'KPO PANDU', 'NAMASTRA MAKMUR 6', '00122000002729', '011903253', 'MOSES PASO PELO', '2022-03-14', 6, '2022-09-14', 85000000),
(208, '0000101660', 'KPO PANDU', 'NAMASTRA MAKMUR 6', '00122000002776', '011903295', 'YULITA LIES LESTARI', '2022-04-14', 6, '2022-10-14', 206700651),
(209, '0000100345', 'KPO PANDU', 'NAMASTRA MAKMUR 6', '00122000002777', '011903296', 'SUGIHARTO YASASOEWARNA', '2022-04-14', 6, '2022-10-14', 100000000),
(210, '0000100366', 'KPO PANDU', 'NAMASTRA MAKMUR 6', '00122000002778', '011903297', 'INDRAJATI BUNTONO', '2022-04-14', 6, '2022-10-14', 100000000),
(211, '0000100366', 'KPO PANDU', 'NAMASTRA MAKMUR 6', '00122000002779', '011903298', 'INDRAJATI BUNTONO', '2022-04-14', 6, '2022-10-14', 200000000),
(212, '0000101516', 'KPO PANDU', 'NAMASTRA MAKMUR 6', '00122000002907', '0011903420', 'ELISA EKA PUTRI', '2022-07-14', 6, '2023-01-14', 10000000),
(213, '0000100387', 'KPO PANDU', 'NAMASTRA MAKMUR 12', '00124000002646', '01903179', 'TUTI HERLINA', '2022-01-14', 12, '2023-01-14', 20000000),
(214, '0000005143', 'KPO PANDU', 'NAMASTRA MAKMUR 6 BUNGA AWAL', '00190000002780', '011903299', 'FUAD ADAFI', '2022-04-14', 6, '2022-10-14', 40000000),
(215, '0000101163', 'KPO PANDU', 'NAMASTRA MAKMUR 12 BUNGA AWAL', '00191000002687', '01903217', 'DAVID MULYAWAN', '2022-02-14', 12, '2023-02-14', 20000000),
(216, '0000100862', 'KPO PANDU', 'DEPOSITO APP MANDIRI SEJAHTERA', '00196000002523', '010001285', 'CHANDRA SOEWANA', '2021-10-14', 12, '2022-10-14', 50000000),
(217, '0000101754', 'KPO PANDU', 'DEPOSITO APP MANDIRI SEJAHTERA', '00196000002730', '010001311', 'ERMA MAYA CHRISTINA', '2022-03-14', 12, '2023-03-14', 500000),
(218, '0000100846', 'KPO PANDU', 'NAMASTRA MAKMUR 6', '00122000002731', '011903254', 'DRS TOMMY WARDIATMO', '2022-03-15', 6, '2022-09-15', 20000000),
(219, '0000101463', 'KPO PANDU', 'NAMASTRA MAKMUR 6', '00122000002732', '011903255', 'ROMAULI MARPAUNG', '2022-03-15', 6, '2022-09-15', 30000000),
(220, '0000101463', 'KPO PANDU', 'NAMASTRA MAKMUR 6', '00122000002846', '011903360', 'ROMAULI MARPAUNG', '2022-06-15', 6, '2022-12-15', 35000000),
(221, '0000004407', 'KPO PANDU', 'NAMASTRA MAKMUR 6', '00122000002847', '011903361', 'DINNO GUSMARI', '2022-06-15', 6, '2022-12-15', 10055480),
(222, '0000100007', 'KPO PANDU', 'NAMASTRA MAKMUR 6', '00122000002908', '0011903421', 'IMAN SIDIK TJANDRA', '2022-07-15', 6, '2023-01-15', 500000000),
(223, '0000100007', 'KPO PANDU', 'NAMASTRA MAKMUR 6', '00122000002909', '0011903422', 'IMAN SIDIK TJANDRA', '2022-07-15', 6, '2023-01-15', 500000000),
(224, '0000101467', 'KPO PANDU', 'NAMASTRA MAKMUR 12 BUNGA AWAL', '00191000002558', '01903058', 'SULASTRI', '2021-11-15', 12, '2022-11-15', 20000000),
(225, '0000101024', 'KPO PANDU', 'NAMASTRA MAKMUR 12 BUNGA AWAL', '00191000002689', '01903218', 'WINARSIH ANGGAWIKARA', '2022-02-15', 12, '2023-02-15', 50000000),
(226, '0000000389', 'KPO PANDU', 'NAMASTRA MAKMUR 12 BUNGA AWAL', '00191000002690', '01903219', 'YENNY YASINTA', '2022-02-15', 12, '2023-02-15', 25000000),
(227, '0000100355', 'KPO PANDU', 'NAMASTRA MAKMUR 6', '00122000002491', '01902999', 'ELLY SUSILAWATI', '2021-09-16', 6, '2022-09-16', 51897393),
(228, '0000101488', 'KPO PANDU', 'NAMASTRA MAKMUR 6', '00122000002848', '011903362', 'ARON HUSINK', '2022-06-16', 6, '2022-12-16', 19000000),
(229, '0000100314', 'KPO PANDU', 'NAMASTRA MAKMUR 12', '00124000002561', '01903059', 'DEDY SURYANTO', '2021-11-16', 12, '2022-11-16', 25000000),
(230, '0000101436', 'KPO PANDU', 'NAMASTRA MAKMUR 12', '00124000002600', '01903135', 'TAN GIOK HWA NIO', '2021-12-16', 12, '2022-12-16', 15000000),
(231, '0000100314', 'KPO PANDU', 'NAMASTRA MAKMUR 12', '00124000002734', '011903257', 'DEDY SURYANTO', '2022-03-16', 12, '2023-03-16', 100000000),
(232, '0000100802', 'KPO PANDU', 'NAMASTRA MAKMUR 6', '00122000002563', '01903101', 'ARTIANA YANAR A SH', '2021-11-17', 6, '2022-11-17', 50000000),
(233, '0000100366', 'KPO PANDU', 'NAMASTRA MAKMUR 6', '00122000002647', '01903180', 'INDRAJATI BUNTONO', '2022-01-17', 6, '2023-01-17', 50000000),
(234, '0000101755', 'KPO PANDU', 'NAMASTRA MAKMUR 6', '00122000002691', '01903220', 'CHILA ANITA ', '2022-02-17', 6, '2022-08-17', 109743718),
(235, '0000101508', 'KPO PANDU', 'NAMASTRA MAKMUR 6', '00122000002821', '0011903339', 'SRI HARTATI YANTI', '2022-05-17', 6, '2022-11-17', 850000000),
(236, '0000101508', 'KPO PANDU', 'NAMASTRA MAKMUR 6', '00122000002850', '011903364', 'SRI HARTATI YANTI', '2022-06-17', 6, '2022-12-17', 150000000),
(237, '0000100492', 'KPO PANDU', 'NAMASTRA MAKMUR 12', '00124000002648', '01903181', 'TUTI SUMIATI ', '2022-01-17', 12, '2023-01-17', 25000000),
(238, '0000100862', 'KPO PANDU', 'NAMASTRA MAKMUR 12', '00124000002819', '0011903337', 'CHANDRA SOEWANA', '2022-05-17', 12, '2023-05-17', 250000000),
(239, '0000100915', 'KPO PANDU', 'NAMASTRA MAKMUR 12', '00124000002820', '0011903338', 'TAN JONG NIO', '2022-05-17', 12, '2023-05-17', 135000000),
(240, '0000101436', 'KPO PANDU', 'NAMASTRA MAKMUR 12', '00124000002851', '011903365', 'TAN GIOK HWA NIO', '2022-06-17', 12, '2023-06-17', 40000000),
(241, '0000101718', 'KPO PANDU', 'NAMASTRA MAKMUR 6 BUNGA AWAL', '00190000002849', '011903363', 'ZULIDHA NURBAINY ', '2022-06-17', 6, '2022-12-17', 10000000),
(242, '0000101024', 'KPO PANDU', 'NAMASTRA MAKMUR 12 BUNGA AWAL', '00191000002602', '01903136', 'WINARSIH ANGGAWIKARA', '2021-12-17', 12, '2022-12-17', 70000000),
(243, '0000100370', 'KPO PANDU', 'DEPOSITO APP MANDIRI SEJAHTERA', '00196000002566', '010001294', 'DESMARIA', '2021-11-17', 12, '2022-11-17', 10000000),
(244, '0000000352', 'KPO PANDU', 'NAMASTRA MAKMUR 6', '00122000002288', '01902244', 'EDWIN KURNIAWAN NOTOSANTOSO', '2021-05-18', 6, '2022-11-18', 11000000),
(245, '0000005228', 'KPO PANDU', 'NAMASTRA MAKMUR 6', '00122000002692', '01903221', 'DINDA UTAMI SASMITA', '2022-02-18', 6, '2022-08-18', 10375990),
(246, '0000100492', 'KPO PANDU', 'NAMASTRA MAKMUR 6', '00122000002822', '0011903340', 'TUTI SUMIATI ', '2022-05-18', 6, '2022-11-18', 60000000),
(247, '0000100387', 'KPO PANDU', 'NAMASTRA MAKMUR 12', '00124000002445', '01902970', 'TUTI HERLINA', '2021-08-18', 12, '2022-08-18', 15000000),
(248, '0000005118', 'KPO PANDU', 'NAMASTRA MAKMUR 12', '00124000002650', '01903183', 'NUNIK ARIYANINGSIH', '2022-01-18', 12, '2023-01-18', 10549014),
(249, '0000101577', 'KPO PANDU', 'NAMASTRA MAKMUR 12', '00124000002910', '0011903423', 'EVIE YANA', '2022-07-18', 12, '2023-07-18', 10000000),
(250, '0000101754', 'KPO PANDU', 'DEPOSITO APP 300', '00160000002781', '010001316', 'ERMA MAYA CHRISTINA', '2022-04-18', 300, '2023-02-12', 500000),
(251, '0000100370', 'KPO PANDU', 'DEPOSIT DANA APP KOMERSIL 2', '00167000002825', '010001317', 'DESMARIA', '2022-05-18', 180, '2022-11-14', 677000),
(252, '0000003323', 'KPO PANDU', 'NAMASTRA MAKMUR 6 BUNGA AWAL', '00190000002823', '011903341', 'NIAR MEINARTI PUTRI', '2022-05-18', 6, '2022-11-18', 20000000),
(253, '0000100907', 'KPO PANDU', 'NAMASTRA MAKMUR 6 BUNGA AWAL', '00190000002824', '011903342', 'SRI LESTARI', '2022-05-18', 6, '2022-11-18', 10000000),
(254, '0000101587', 'KPO PANDU', 'NAMASTRA MAKMUR 6 BUNGA AWAL', '00190000002911', '0011903424', 'VEBBY DEVYANTHI', '2022-07-18', 6, '2023-01-18', 10000000),
(255, '0000101745', 'KPO PANDU', 'NAMASTRA MAKMUR 12 BUNGA AWAL', '00191000002912', '0011903425', 'MEITA DEVITA', '2022-07-18', 12, '2023-07-18', 20000000),
(256, '0000101520', 'KPO PANDU', 'NAMASTRA MAKMUR 6', '00122000002783', '011903301', 'GRACE SIFERA', '2022-04-19', 6, '2022-10-19', 150000000),
(257, '0000101463', 'KPO PANDU', 'NAMASTRA MAKMUR 6', '00122000002913', '0011903426', 'ROMAULI MARPAUNG', '2022-07-19', 6, '2023-01-19', 50000000),
(258, '0000004528', 'KPO PANDU', 'NAMASTRA MAKMUR 36', '00126000002394', '01902315', 'AGUSTINA MERDEKAWATI SIELLIAGA', '2021-07-19', 36, '2024-07-19', 100000000),
(259, '0000100611', 'KPO PANDU', 'NAMASTRA MAKMUR 12 BUNGA AWAL', '00191000002448', '01902973', 'IWAN KUSUMA', '2021-08-19', 12, '2022-08-19', 50000000),
(260, '0000002725', 'KPO PANDU', 'NAMASTRA MAKMUR 12 BUNGA AWAL', '00191000002570', '01903106', 'NY GUSMIATI OR LINDA MUSTIKA', '2021-11-19', 12, '2022-11-19', 270000000),
(261, '0000005460', 'KPO PANDU', 'NAMASTRA MAKMUR 3', '00121000002827', '011903344', 'JIMMY RUSLI', '2022-05-20', 3, '2022-08-20', 250000000),
(262, '0000101510', 'KPO PANDU', 'NAMASTRA MAKMUR 3', '00121000002854', '011903368', 'MASITAH RISTININGTYAS NASUTION', '2022-06-20', 3, '2022-09-20', 10036986),
(263, '0000101512', 'KPO PANDU', 'NAMASTRA MAKMUR 6', '00122000002853', '011903367', 'NATIERA ZATI HULWANI', '2022-06-20', 6, '2022-12-20', 15110959),
(264, '0000101400', 'KPO PANDU', 'NAMASTRA MAKMUR 6', '00122000002914', '0011903427', 'SUSANTI BUNTONO', '2022-07-20', 6, '2023-01-20', 10000000),
(265, '0000101556', 'KPO PANDU', 'NAMASTRA MAKMUR 6', '00122000002915', '0011903428', 'SUSILAWATI', '2022-07-20', 6, '2023-01-20', 15000000),
(266, '0000101436', 'KPO PANDU', 'NAMASTRA MAKMUR 12', '00124000002606', '01903139', 'TAN GIOK HWA NIO', '2021-12-20', 12, '2022-12-20', 245000000),
(267, '0000101436', 'KPO PANDU', 'NAMASTRA MAKMUR 12', '00124000002852', '011903366', 'TAN GIOK HWA NIO', '2022-06-20', 12, '2023-06-20', 115000000),
(268, '0000005076', 'KPO PANDU', 'NAMASTRA MAKMUR 6 BUNGA AWAL', '00190000002826', '011903343', 'SISKA KUSUMAWATI', '2022-05-20', 6, '2022-11-20', 20000000),
(269, '0000101434', 'KPO PANDU', 'NAMASTRA MAKMUR 6 BUNGA AWAL', '00190000002916', '0011903429', 'LENI YANTHI', '2022-07-20', 6, '2023-01-20', 10000000),
(270, '0000101754', 'KPO PANDU', 'DEPOSITO APP MANDIRI SEJAHTERA', '00196000002493', '00001509', 'ERMA MAYA CHRISTINA', '2021-09-20', 12, '2022-09-20', 17000000),
(271, '0000100150', 'KPO PANDU', 'NAMASTRA MAKMUR 6', '00122000002694', '01903223', 'REGINA IDA COREBIMA', '2022-02-21', 6, '2022-08-21', 40000000),
(272, '0000101443', 'KPO PANDU', 'NAMASTRA MAKMUR 6', '00122000002735', '011903258', 'L SOFIAN LIMANSYAH', '2022-03-21', 6, '2022-09-21', 20000000),
(273, '0000100494', 'KPO PANDU', 'NAMASTRA MAKMUR 6', '00122000002855', '011903369', 'EMIE ARTIKAH N ', '2022-06-21', 6, '2022-12-21', 50000000),
(274, '0000100494', 'KPO PANDU', 'NAMASTRA MAKMUR 6', '00122000002856', '011903370', 'EMIE ARTIKAH N ', '2022-06-21', 6, '2022-12-21', 60000000),
(275, '0000003966', 'KPO PANDU', 'NAMASTRA MAKMUR 6', '00122000002858', '0011903372', 'MOSES PASO PELO', '2022-06-21', 6, '2022-12-21', 85000000),
(276, '0000005632', 'KPO PANDU', 'NAMASTRA MAKMUR 6', '00122000002917', '0011903430', 'SRI WIDIANINGSIH', '2022-07-21', 6, '2023-01-21', 50000000),
(277, '0000100494', 'KPO PANDU', 'NAMASTRA MAKMUR 6', '00122000002918', '0011903431', 'EMIE ARTIKAH N ', '2022-07-21', 6, '2023-01-21', 299000000),
(278, '0000101436', 'KPO PANDU', 'NAMASTRA MAKMUR 12', '00124000002494', '01903007', 'TAN GIOK HWA NIO', '2021-09-21', 12, '2022-09-21', 15000000),
(279, '0000100915', 'KPO PANDU', 'NAMASTRA MAKMUR 12', '00124000002607', '01903140', 'TAN JONG NIO', '2021-12-21', 12, '2022-12-21', 100000000),
(280, '0000004528', 'KPO PANDU', 'NAMASTRA MAKMUR 12', '00124000002610', '01903143', 'AGUSTINA MERDEKAWATI SIELLIAGA', '2021-12-21', 12, '2022-12-21', 26611006),
(281, '0000100314', 'KPO PANDU', 'NAMASTRA MAKMUR 12', '00124000002693', '01903222', 'DEDY SURYANTO', '2022-02-21', 12, '2023-02-21', 60000000),
(282, '0000004528', 'KPO PANDU', 'NAMASTRA MAKMUR 12', '00124000002695', '01903224', 'AGUSTINA MERDEKAWATI SIELLIAGA', '2022-02-21', 12, '2023-02-21', 62940934),
(283, '0000004863', 'KPO PANDU', 'NAMASTRA MAKMUR 12', '00124000002784', '011903302', 'YOHANES KOMAR', '2022-04-21', 12, '2023-04-21', 8500000),
(284, '0000100862', 'KPO PANDU', 'NAMASTRA MAKMUR 12', '00124000002857', '0011903371', 'CHANDRA SOEWANA', '2022-06-21', 12, '2023-06-21', 110000000),
(285, '0000003051', 'KPO PANDU', 'NAMASTRA MAKMUR 6', '00122000002696', '01903225', 'BUDI TRISNO', '2022-02-22', 6, '2022-08-22', 150000000),
(286, '0000005322', 'KPO PANDU', 'NAMASTRA MAKMUR 6', '00122000002737', '011903260', 'SUPARTI', '2022-03-22', 6, '2022-09-22', 10000000),
(287, '0000101698', 'KPO PANDU', 'NAMASTRA MAKMUR 6', '00122000002785', '011903303', 'LIE IE TJE', '2022-04-22', 6, '2022-10-22', 100000000),
(288, '0000101697', 'KPO PANDU', 'NAMASTRA MAKMUR 6', '00122000002786', '011903304', 'LINAWATY LIE', '2022-04-22', 6, '2022-10-22', 100000000),
(289, '0000101699', 'KPO PANDU', 'NAMASTRA MAKMUR 6', '00122000002787', '011903305', 'LIE PWEE SIAN', '2022-04-22', 6, '2022-10-22', 100000000),
(290, '0000101701', 'KPO PANDU', 'NAMASTRA MAKMUR 6', '00122000002788', '011903306', 'LIE PWEE MIE', '2022-04-22', 6, '2022-10-22', 100000000),
(291, '0000101700', 'KPO PANDU', 'NAMASTRA MAKMUR 6', '00122000002789', '011903307', 'ISWAN PAKALESSY', '2022-04-22', 6, '2022-10-22', 100000000),
(292, '0000100492', 'KPO PANDU', 'NAMASTRA MAKMUR 6', '00122000002790', '011903308', 'TUTI SUMIATI ', '2022-04-22', 6, '2022-10-22', 10000000),
(293, '0000100387', 'KPO PANDU', 'NAMASTRA MAKMUR 6', '00122000002859', '0011903373', 'TUTI HERLINA', '2022-06-22', 6, '2022-12-22', 10000000),
(294, '0000100492', 'KPO PANDU', 'NAMASTRA MAKMUR 12', '00124000002736', '011903259', 'TUTI SUMIATI ', '2022-03-22', 12, '2023-03-22', 70000000),
(295, '0000100915', 'KPO PANDU', 'NAMASTRA MAKMUR 12', '00124000002860', '0011903374', 'TAN JONG NIO', '2022-06-22', 12, '2023-06-22', 70000000),
(296, '0000005653', 'KPO PANDU', 'NAMASTRA MAKMUR 6 BUNGA AWAL', '00190000002919', '0011903432', 'DEDE SUPRIATNA', '2022-07-22', 6, '2023-01-22', 15000000),
(297, '0000100463', 'KPO PANDU', 'NAMASTRA MAKMUR 12 BUNGA AWAL', '00191000002861', '0011903375', 'RENNY OKVI NUGRAHAENI', '2022-06-22', 12, '2023-06-22', 40000000),
(298, '0000101508', 'KPO PANDU', 'NAMASTRA MAKMUR 6', '00122000002862', '0011903376', 'SRI HARTATI YANTI', '2022-06-23', 6, '2022-12-23', 300000000),
(299, '0000100367', 'KPO PANDU', 'NAMASTRA MAKMUR 6', '00122000002863', '0011903377', 'NICHOLAS AGUNG SUGIHARTO', '2022-06-23', 6, '2022-12-23', 50000000),
(300, '0000100367', 'KPO PANDU', 'NAMASTRA MAKMUR 6', '00122000002864', '0011903378', 'NICHOLAS AGUNG SUGIHARTO', '2022-06-23', 6, '2022-12-23', 50000000),
(301, '0000100846', 'KPO PANDU', 'NAMASTRA MAKMUR 6', '00122000002865', '0011903379', 'DRS TOMMY WARDIATMO', '2022-06-23', 6, '2022-12-23', 20000000),
(302, '0000000352', 'KPO PANDU', 'NAMASTRA MAKMUR 6', '00122000002866', '0011903380', 'EDWIN KURNIAWAN NOTOSANTOSO', '2022-06-23', 6, '2022-12-23', 100000000),
(303, '0000100314', 'KPO PANDU', 'NAMASTRA MAKMUR 12', '00124000002617', '01903150', 'DEDY SURYANTO', '2021-12-23', 12, '2022-12-23', 157000000),
(304, '0000101754', 'KPO PANDU', 'DEPOSITO APP 300', '00160000002828', '010001318', 'ERMA MAYA CHRISTINA', '2022-05-23', 300, '2023-03-19', 500000),
(305, '0000100862', 'KPO PANDU', 'DEPOSITO APP MANDIRI SEJAHTERA', '00196000002496', '00001510', 'CHANDRA SOEWANA', '2021-09-23', 12, '2022-09-23', 20000000),
(306, '0000100492', 'KPO PANDU', 'NAMASTRA MAKMUR 6', '00122000002699', '01903227', 'TUTI SUMIATI ', '2022-02-24', 6, '2022-08-24', 30000000),
(307, '0000101508', 'KPO PANDU', 'NAMASTRA MAKMUR 6', '00122000002738', '011903261', 'SRI HARTATI YANTI', '2022-03-24', 6, '2022-09-24', 200000000),
(308, '0000004510', 'KPO PANDU', 'NAMASTRA MAKMUR 6', '00122000002829', '011903345', 'USMAN ILHAM', '2022-05-24', 6, '2022-11-24', 10000000),
(309, '0000100007', 'KPO PANDU', 'NAMASTRA MAKMUR 6', '00122000002867', '0011903381', 'IMAN SIDIK TJANDRA', '2022-06-24', 6, '2022-12-24', 200000000),
(310, '0000100508', 'KPO PANDU', 'NAMASTRA MAKMUR 12', '00124000001395', '01902677', 'NEFI MULYATI', '2020-08-24', 12, '2022-08-24', 10000000),
(311, '0000000389', 'KPO PANDU', 'NAMASTRA MAKMUR 12', '00124000002868', '0011903382', 'YENNY YASINTA', '2022-06-24', 12, '2023-06-24', 50000000),
(312, '0000101504', 'KPO PANDU', 'DEPOSIT DANA APP KOMERSIL 2', '00167000002742', '010001312', 'ANWAR SANUSI, SE', '2022-03-24', 180, '2022-09-20', 5000000),
(313, '0000101433', 'KPO PANDU', 'NAMASTRA MAKMUR 3', '00121000002922', '0011903433', 'APRIOLA ROSENDA', '2022-07-25', 3, '2022-10-25', 10000000),
(314, '0000101439', 'KPO PANDU', 'NAMASTRA MAKMUR 6', '00122000002700', '01903228', 'DR. SRI HARTATI GANI', '2022-02-25', 6, '2022-08-25', 10000000),
(315, '0000101512', 'KPO PANDU', 'NAMASTRA MAKMUR 6', '00122000002702', '01903230', 'NATIERA ZATI HULWANI', '2022-02-25', 6, '2022-08-25', 13903514),
(316, '0000004679', 'KPO PANDU', 'NAMASTRA MAKMUR 6', '00122000002703', '01903231', 'DESMONDA GRACIA', '2022-02-25', 6, '2022-08-25', 10000000),
(317, '0000100321', 'KPO PANDU', 'NAMASTRA MAKMUR 6', '00122000002704', '01903232', 'NATALIA KRISTIN PANDIANGAN', '2022-02-25', 6, '2022-08-25', 100000000),
(318, '0000101508', 'KPO PANDU', 'NAMASTRA MAKMUR 6', '00122000002791', '011903309', 'SRI HARTATI YANTI', '2022-04-25', 6, '2022-10-25', 200000000),
(319, '0000002971', 'KPO PANDU', 'NAMASTRA MAKMUR 6', '00122000002830', '011903346', 'RITA', '2022-05-25', 6, '2022-11-25', 10000000),
(320, '0000100314', 'KPO PANDU', 'NAMASTRA MAKMUR 12', '00124000002528', '01903035', 'DEDY SURYANTO', '2021-10-25', 12, '2022-10-25', 42100000),
(321, '0000100314', 'KPO PANDU', 'NAMASTRA MAKMUR 12', '00124000002575', '01903109', 'DEDY SURYANTO', '2021-11-25', 12, '2022-11-25', 100000000),
(322, '0000100915', 'KPO PANDU', 'NAMASTRA MAKMUR 12', '00124000002701', '01903229', 'TAN JONG NIO', '2022-02-25', 12, '2023-02-25', 120000000),
(323, '0000004528', 'KPO PANDU', 'NAMASTRA MAKMUR 36', '00126000002361', '01902287', 'AGUSTINA MERDEKAWATI SIELLIAGA', '2021-06-25', 36, '2024-06-25', 100000000),
(324, '0000100007', 'KPO PANDU', 'DEPOSIT DANA APP KOMERSIL 2', '00167000002920', '010001322', 'IMAN SIDIK TJANDRA', '2022-07-25', 180, '2023-01-21', 1000000),
(325, '0000101754', 'KPO PANDU', 'DEPOSIT DANA APP KOMERSIL 2', '00167000002921', '1902101', 'ERMA MAYA CHRISTINA', '2022-07-25', 180, '2023-01-21', 500000),
(326, '0000100907', 'KPO PANDU', 'NAMASTRA MAKMUR 6 BUNGA AWAL', '00190000002743', '011903263', 'SRI LESTARI', '2022-03-25', 6, '2022-09-25', 10000000),
(327, '0000004211', 'KPO PANDU', 'NAMASTRA MAKMUR 12 BUNGA AWAL', '00191000002457', '01902979', 'NDARI', '2021-08-25', 12, '2022-08-25', 20000000),
(328, '0000005130', 'KPO PANDU', 'NAMASTRA MAKMUR 12 BUNGA AWAL', '00191000002655', '01903187', 'HANNIE GANDHI UTAMA', '2022-01-25', 12, '2023-01-25', 50000000),
(329, '0000100286', 'KPO PANDU', 'NAMASTRA MAKMUR 6', '00122000002792', '011903310', 'BEAKTRIS TUPAT DURAN', '2022-04-26', 6, '2022-10-26', 60000000),
(330, '0000101436', 'KPO PANDU', 'NAMASTRA MAKMUR 12', '00124000002577', '01903111', 'TAN GIOK HWA NIO', '2021-11-26', 12, '2022-11-26', 10000000),
(331, '0000100463', 'KPO PANDU', 'NAMASTRA MAKMUR 12', '00124000002923', '0011903434', 'RENNY OKVI NUGRAHAENI', '2022-07-26', 12, '2023-07-26', 20000000),
(332, '0000100345', 'KPO PANDU', 'NAMASTRA MAKMUR 3', '00121000002924', '0011903435', 'SUGIHARTO YASASOEWARNA', '2022-07-27', 3, '2022-10-27', 200000000),
(333, '0000004517', 'KPO PANDU', 'NAMASTRA MAKMUR 6', '00122000002832', '011903348', 'HERRY PRIYANI', '2022-05-27', 6, '2022-11-27', 20000000),
(334, '0000005487', 'KPO PANDU', 'NAMASTRA MAKMUR 6', '00122000002833', '011903349', 'MARIKO DANIEL PUTRA', '2022-05-27', 6, '2022-11-27', 10075362),
(335, '0000101512', 'KPO PANDU', 'NAMASTRA MAKMUR 6', '00122000002834', '011903350', 'NATIERA ZATI HULWANI', '2022-05-27', 6, '2022-11-27', 6395115),
(336, '0000100007', 'KPO PANDU', 'NAMASTRA MAKMUR 6', '00122000002869', '0011903383', 'IMAN SIDIK TJANDRA', '2022-06-27', 6, '2022-12-27', 100000000),
(337, '0000005596', 'KPO PANDU', 'NAMASTRA MAKMUR 6', '00122000002870', '0011903384', 'ANDREAS JOKO SUPRIYATNO', '2022-06-27', 6, '2022-12-27', 100000000),
(338, '0000004528', 'KPO PANDU', 'NAMASTRA MAKMUR 12', '00124000002532', '01903037', 'AGUSTINA MERDEKAWATI SIELLIAGA', '2021-10-27', 12, '2022-10-27', 50000000),
(339, '0000101436', 'KPO PANDU', 'NAMASTRA MAKMUR 12', '00124000002533', '01903038', 'TAN GIOK HWA NIO', '2021-10-27', 12, '2022-10-27', 10000000),
(340, '0000101509', 'KPO PANDU', 'NAMASTRA MAKMUR 12', '00124000002621', '01903153', 'SULIANTI', '2021-12-27', 12, '2022-12-27', 100000000),
(341, '0000004863', 'KPO PANDU', 'NAMASTRA MAKMUR 12', '00124000002658', '01903190', 'YOHANES KOMAR', '2022-01-27', 12, '2023-01-27', 14768618),
(342, '0000002929', 'KPO PANDU', 'NAMASTRA MAKMUR 12', '00124000002831', '011903347', 'RIZAL PRAJUGA', '2022-05-27', 12, '2023-05-27', 239617511),
(343, '0000101575', 'KPO PANDU', 'NAMASTRA MAKMUR 12', '00124000002925', '0011903436', 'KEZIA NATALIA', '2022-07-27', 12, '2023-07-27', 20000000),
(344, '0000004528', 'KPO PANDU', 'NAMASTRA MAKMUR 36', '00126000002659', '01903191', 'AGUSTINA MERDEKAWATI SIELLIAGA', '2022-01-27', 36, '2025-01-27', 105943961),
(345, '0000004625', 'KPO PANDU', 'NAMASTRA MAKMUR 6 BUNGA AWAL', '00190000002873', '0011903386', 'D MARHENY PROBOWATI', '2022-06-27', 6, '2022-12-27', 1000000000),
(346, '0000101163', 'KPO PANDU', 'NAMASTRA MAKMUR 12 BUNGA AWAL', '00191000002622', '01903154', 'DAVID MULYAWAN', '2021-12-27', 12, '2022-12-27', 80000000),
(347, '0000101442', 'KPO PANDU', 'NAMASTRA MAKMUR 12 BUNGA AWAL', '00191000002714', '010001307', 'TIGOR SINAGA', '2021-12-27', 12, '2022-12-27', 25000000),
(348, '0000101163', 'KPO PANDU', 'NAMASTRA MAKMUR 12 BUNGA AWAL', '00191000002793', '011903311', 'DAVID MULYAWAN', '2022-04-27', 12, '2023-04-27', 40000000),
(349, '0000100862', 'KPO PANDU', 'DEPOSITO APP MANDIRI SEJAHTERA', '00196000002465', '00001502', 'CHANDRA SOEWANA', '2021-08-27', 12, '2022-08-27', 28000000),
(350, '0000100370', 'KPO PANDU', 'DEPOSITO APP MANDIRI SEJAHTERA', '00196000002534', '010001287', 'DESMARIA', '2021-10-27', 12, '2022-10-27', 5000000),
(351, '0000101754', 'KPO PANDU', 'DEPOSITO APP MANDIRI SEJAHTERA', '00196000002871', '0011903385', 'ERMA MAYA CHRISTINA', '2022-06-27', 12, '2023-06-27', 500000),
(352, '0000101512', 'KPO PANDU', 'NAMASTRA MAKMUR 6', '00122000002745', '011903265', 'NATIERA ZATI HULWANI', '2022-03-28', 6, '2022-09-28', 13910713),
(353, '0000100286', 'KPO PANDU', 'NAMASTRA MAKMUR 6', '00122000002746', '011903266', 'BEAKTRIS TUPAT DURAN', '2022-03-28', 6, '2022-09-28', 70000000),
(354, '0000100366', 'KPO PANDU', 'NAMASTRA MAKMUR 6', '00122000002747', '011903267', 'INDRAJATI BUNTONO', '2022-03-28', 6, '2022-09-28', 100000000),
(355, '0000100345', 'KPO PANDU', 'NAMASTRA MAKMUR 6', '00122000002748', '011903268', 'SUGIHARTO YASASOEWARNA', '2022-03-28', 6, '2022-09-28', 50000000),
(356, '0000100592', 'KPO PANDU', 'NAMASTRA MAKMUR 6', '00122000002749', '011903269', 'CHRISTIN MAJORAH', '2022-03-28', 6, '2022-09-28', 60000000),
(357, '0000100321', 'KPO PANDU', 'NAMASTRA MAKMUR 6', '00122000002794', '011903312', 'NATALIA KRISTIN PANDIANGAN', '2022-04-28', 6, '2022-10-28', 25000000),
(358, '0000100308', 'KPO PANDU', 'NAMASTRA MAKMUR 6', '00122000002874', '0011903387', 'INDRY SETIAWATI', '2022-06-28', 6, '2022-12-28', 20000000),
(359, '0000100314', 'KPO PANDU', 'NAMASTRA MAKMUR 6', '00122000002875', '0011903388', 'DEDY SURYANTO', '2022-06-28', 6, '2022-12-28', 10000000),
(360, '0000004570', 'KPO PANDU', 'NAMASTRA MAKMUR 6', '00122000002876', '0011903389', 'RUDY MULIAWAN SIELLIAGA', '2022-06-28', 6, '2022-12-28', 23000000),
(361, '0000005603', 'KPO PANDU', 'NAMASTRA MAKMUR 6', '00122000002877', '0011903390', 'DIMAS HARYO', '2022-06-28', 6, '2022-12-28', 10073973),
(362, '0000100915', 'KPO PANDU', 'NAMASTRA MAKMUR 12', '00124000001540', '01902718', 'TAN JONG NIO', '2020-09-28', 12, '2022-09-28', 75000000),
(363, '0000004863', 'KPO PANDU', 'NAMASTRA MAKMUR 12', '00124000002660', '01903192', 'YOHANES KOMAR', '2022-01-28', 12, '2023-01-28', 21095306),
(364, '0000100941', 'KPO PANDU', 'NAMASTRA MAKMUR 12', '00124000002744', '011903264', 'DADANG SOBANDI', '2022-03-28', 12, '2023-03-28', 23300000),
(365, '0000101024', 'KPO PANDU', 'NAMASTRA MAKMUR 12 BUNGA AWAL', '00191000002626', '01903158', 'WINARSIH ANGGAWIKARA', '2021-12-28', 12, '2022-12-28', 40000000),
(366, '0000100767', 'KPO PANDU', 'NAMASTRA MAKMUR 12 BUNGA AWAL', '00191000002926', '0011903437', 'DEWI', '2022-07-28', 12, '2023-07-28', 15000000),
(367, '0000005668', 'KPO PANDU', 'NAMASTRA MAKMUR 6', '00122000002928', '0011903439', 'PETRUS SEPTIAN', '2022-07-29', 6, '2023-01-29', 10000000),
(368, '0000101436', 'KPO PANDU', 'NAMASTRA MAKMUR 12', '00124000002579', '01903113', 'TAN GIOK HWA NIO', '2021-11-29', 12, '2022-11-29', 400000000),
(369, '0000005135', 'KPO PANDU', 'NAMASTRA MAKMUR 12', '00124000002929', '0011903440', 'ARIYA YUDHA IRMANSYAH RAMADHAN', '2022-07-29', 12, '2023-07-29', 10000000),
(370, '0000101849', 'KPO PANDU', 'DEPOSITO APP 300', '00160000002538', '010001289', 'NANCY LAUWRENTZ', '2021-10-29', 300, '2022-08-25', 10000000),
(371, '0000004863', 'KPO PANDU', 'NAMASTRA MAKMUR 12 BUNGA AWAL', '00191000002501', '01903013', 'YOHANES KOMAR', '2021-09-29', 12, '2022-09-29', 10000000),
(372, '0000101024', 'KPO PANDU', 'NAMASTRA MAKMUR 12 BUNGA AWAL', '00191000002927', '0011903438', 'WINARSIH ANGGAWIKARA', '2022-07-29', 12, '2023-07-29', 30000000),
(373, '0000101754', 'KPO PANDU', 'DEPOSITO APP MANDIRI SEJAHTERA', '00196000002502', '01902859', 'ERMA MAYA CHRISTINA', '2021-09-29', 12, '2022-09-29', 500000),
(374, '0000004407', 'KPO PANDU', 'NAMASTRA MAKMUR 6', '00122000002750', '011903270', 'DINNO GUSMARI', '2022-03-30', 6, '2022-09-30', 5113872),
(375, '0000101656', 'KPO PANDU', 'NAMASTRA MAKMUR 6', '00122000002752', '011903272', 'SIGIT PARYANTO', '2022-03-30', 6, '2022-09-30', 100000000),
(376, '0000005342', 'KPO PANDU', 'NAMASTRA MAKMUR 6', '00122000002753', '011903273', 'MICAWATI SAPUTRI', '2022-03-30', 6, '2022-09-30', 10304614),
(377, '0000100846', 'KPO PANDU', 'NAMASTRA MAKMUR 6', '00122000002835', '011903351', 'DRS TOMMY WARDIATMO', '2022-05-30', 6, '2022-11-30', 50000000),
(378, '0000100152', 'KPO PANDU', 'NAMASTRA MAKMUR 6', '00122000002836', '011903352', 'SUWARNI', '2022-05-30', 6, '2022-11-30', 100000000),
(379, '0000100366', 'KPO PANDU', 'NAMASTRA MAKMUR 6', '00122000002878', '0011903391', 'INDRAJATI BUNTONO', '2022-06-30', 6, '2022-12-30', 50000000),
(380, '0000004510', 'KPO PANDU', 'NAMASTRA MAKMUR 6', '00122000002879', '0011903392', 'USMAN ILHAM', '2022-06-30', 6, '2022-12-30', 50000000),
(381, '0000101474', 'KPO PANDU', 'NAMASTRA MAKMUR 12', '00124000002241', '01902229', 'LIU MUK TJIU ', '2021-04-30', 12, '2023-04-30', 10000000);
INSERT INTO `deposito` (`id_depo`, `no_anggota`, `cabang`, `produk`, `no_rekening`, `nobilyet`, `nama_anggota`, `tgl_penempatan`, `jangka_waktu`, `jatem`, `nominal`) VALUES
(382, '0000000389', 'KPO PANDU', 'NAMASTRA MAKMUR 12', '00124000002751', '011903271', 'YENNY YASINTA', '2022-03-30', 12, '2023-03-30', 50000000),
(383, '0000100007', 'KPO PANDU', 'DEPOSITO APP 300', '00160000002837', '010001319', 'IMAN SIDIK TJANDRA', '2022-05-30', 300, '2023-03-26', 1000000),
(384, '0000101754', 'KPO PANDU', 'DEPOSITO APP MANDIRI SEJAHTERA', '00196000002467', '00001504', 'ERMA MAYA CHRISTINA', '2021-08-30', 12, '2022-08-30', 500000),
(385, '0000100367', 'KPO PANDU', 'NAMASTRA MAKMUR 6', '00122000002661', '01903193', 'NICHOLAS AGUNG SUGIHARTO', '2022-01-31', 6, '2023-01-31', 50000000),
(386, '0000100321', 'KPO PANDU', 'NAMASTRA MAKMUR 6', '00122000002754', '011903274', 'NATALIA KRISTIN PANDIANGAN', '2022-03-31', 6, '2022-09-30', 50000000),
(387, '0000100321', 'KPO PANDU', 'NAMASTRA MAKMUR 12', '00124000002629', '01903161', 'NATALIA KRISTIN PANDIANGAN', '2021-12-31', 12, '2022-12-31', 25000000),
(388, '0000004625', 'KPO PANDU', 'NAMASTRA MAKMUR 12', '00124000002663', '01903195', 'D MARHENY PROBOWATI', '2022-01-31', 12, '2023-01-31', 500000000),
(389, '0000004625', 'KPO PANDU', 'NAMASTRA MAKMUR 12', '00124000002664', '01903196', 'D MARHENY PROBOWATI', '2022-01-31', 12, '2023-01-31', 500000000),
(390, '0000100007', 'KPO PANDU', 'NAMASTRA MAKMUR 12', '00124000002838', '011903353', 'IMAN SIDIK TJANDRA', '2022-05-31', 12, '2023-05-31', 300000000),
(391, '0000101849', 'KPO PANDU', 'DEPOSIT DANA APP KOMERSIL 2', '00167000002840', '010001320', 'NANCY LAUWRENTZ', '2022-05-31', 180, '2022-11-27', 1300000),
(392, '0000005242', 'KPO PANDU', 'NAMASTRA MAKMUR 6 BUNGA AWAL', '00190000002839', '011903354', 'INDRIYANI', '2022-05-31', 6, '2022-11-30', 10000000),
(393, '0000200426', 'KC OTISTA', 'NAMASTRA MAKMUR 12', '00224000000699', '1901218', 'SUGIWAN DARMAWAN', '2021-09-01', 12, '2022-09-01', 5000000),
(394, '0000101417', 'KC OTISTA', 'NAMASTRA MAKMUR 12', '00224000000712', '1901228', 'IRAWAN DARMAWAN', '2021-11-01', 12, '2022-11-01', 125000000),
(395, '0000101417', 'KC OTISTA', 'NAMASTRA MAKMUR 12', '00224000000733', '1901243', 'IRAWAN DARMAWAN', '2022-03-01', 12, '2023-03-01', 100000000),
(396, '0000101417', 'KC OTISTA', 'NAMASTRA MAKMUR 12', '00224000000734', '1901244', 'IRAWAN DARMAWAN', '2022-03-02', 12, '2023-03-02', 100000000),
(397, '0000101417', 'KC OTISTA', 'NAMASTRA MAKMUR 12', '00224000000735', '1901245', 'IRAWAN DARMAWAN', '2022-03-04', 12, '2023-03-04', 100000000),
(398, '0000005345', 'KC OTISTA', 'NAMASTRA MAKMUR 12', '00224000000742', '1901258', 'ACHMAD NOVAL WIRATAMA', '2022-04-04', 12, '2023-04-04', 5000000),
(399, '0000200426', 'KC OTISTA', 'NAMASTRA MAKMUR 12', '00224000000715', '1901231', 'SUGIWAN DARMAWAN', '2021-11-05', 12, '2022-11-05', 5000000),
(400, '0000200426', 'KC OTISTA', 'NAMASTRA MAKMUR 12', '00224000000700', '1901219', 'SUGIWAN DARMAWAN', '2021-09-06', 12, '2022-09-06', 5000000),
(401, '0000200426', 'KC OTISTA', 'NAMASTRA MAKMUR 12', '00224000000701', '1901220', 'SUGIWAN DARMAWAN', '2021-09-06', 12, '2022-09-06', 5000000),
(402, '0000005092', 'KC OTISTA', 'NAMASTRA MAKMUR 12', '00224000000726', '1901236', 'ANITA TRISTIANTI', '2022-01-06', 12, '2023-01-06', 20000000),
(403, '0000005250', 'KC OTISTA', 'NAMASTRA MAKMUR 6', '00222000000736', '1901246', 'EVI FITRIANI', '2022-03-07', 6, '2022-09-07', 10000000),
(404, '0000200178', 'KC OTISTA', 'NAMASTRA MAKMUR 6', '00222000000737', '1901247', 'LO SWANNY', '2022-03-07', 6, '2022-09-07', 50000000),
(405, '0000001485', 'KC OTISTA', 'NAMASTRA MAKMUR 12', '00224000000729', '1901239', 'ELISABETH SUTENTREM', '2022-02-07', 12, '2023-02-07', 47000000),
(406, '0000200219', 'KC OTISTA', 'NAMASTRA MAKMUR 6', '00222000000759', '01900314', 'MONA PRISILLA .V', '2022-07-08', 6, '2023-01-08', 5000000),
(407, '0000005513', 'KC OTISTA', 'NAMASTRA MAKMUR 6', '00222000000761', '01900315', 'INA KARLINA', '2022-07-08', 6, '2023-01-08', 5000000),
(408, '0000200058', 'KC OTISTA', 'NAMASTRA MAKMUR 6', '00222000000746', '01901272', 'MEITY MAGDALENA', '2022-05-09', 6, '2022-11-09', 6000000),
(409, '0000005528', 'KC OTISTA', 'NAMASTRA MAKMUR 6', '00222000000754', '01901286', 'ERI MUJIB RAHMANI', '2022-06-09', 6, '2022-12-09', 5000000),
(410, '0000200426', 'KC OTISTA', 'NAMASTRA MAKMUR 12', '00224000000755', '01901287', 'SUGIWAN DARMAWAN', '2022-06-09', 12, '2023-06-09', 5100000),
(411, '0000001481', 'KC OTISTA', 'NAMASTRA MAKMUR 6', '00222000000770', '01901392', 'MARGARETHA MURYATI', '2022-08-10', 6, '2023-02-10', 10000000),
(412, '0000005312', 'KC OTISTA', 'NAMASTRA MAKMUR 6 BUNGA AWAL', '00290000000748', '01901280', 'BUDI IRAWAN', '2022-05-10', 6, '2022-11-10', 500000000),
(413, '0000005312', 'KC OTISTA', 'NAMASTRA MAKMUR 6 BUNGA AWAL', '00290000000749', '01901281', 'BUDI IRAWAN', '2022-05-10', 6, '2022-11-10', 500000000),
(414, '0000000198', 'KC OTISTA', 'NAMASTRA MAKMUR 12 BUNGA AWAL', '00291000000756', '01901288', 'IYA YULIYANA', '2022-06-10', 12, '2023-06-10', 5000000),
(415, '0000200348', 'KC OTISTA', 'NAMASTRA MAKMUR 6', '00222000000750', '01901282', 'METI MILAWATI', '2022-05-11', 6, '2022-11-11', 75000000),
(416, '0000005268', 'KC OTISTA', 'NAMASTRA MAKMUR 6', '00222000000751', '01901283', 'WIDI GUSTINI HIDAYAT', '2022-05-11', 6, '2022-11-11', 10000000),
(417, '0000200397', 'KC OTISTA', 'NAMASTRA MAKMUR 3', '00221000000762', '01900316', 'YENI MULIAWATI', '2022-07-12', 3, '2022-10-12', 100000000),
(418, '0000200426', 'KC OTISTA', 'NAMASTRA MAKMUR 12', '00224000000743', '1901268', 'SUGIWAN DARMAWAN', '2022-04-13', 12, '2023-04-13', 5100000),
(419, '0000200153', 'KC OTISTA', 'NAMASTRA MAKMUR 6', '00222000000738', '1901249', 'HERA YULIANI, SE', '2022-03-14', 6, '2022-09-14', 20000000),
(420, '0000000198', 'KC OTISTA', 'NAMASTRA MAKMUR 12', '00224000000704', '1901223', 'IYA YULIYANA', '2021-09-14', 12, '2022-09-14', 5000000),
(421, '0000003326', 'KC OTISTA', 'NAMASTRA MAKMUR 6', '00222000000763', '01900317', 'IR EENG SUHERLI', '2022-07-15', 6, '2023-01-15', 50000000),
(422, '0000200426', 'KC OTISTA', 'NAMASTRA MAKMUR 12', '00224000000730', '1901240', 'SUGIWAN DARMAWAN', '2022-02-15', 12, '2023-02-15', 10000000),
(423, '0000001630', 'KC OTISTA', 'NAMASTRA MAKMUR 12', '00224000000757', '01901289', 'SRIWAHYU WIDIASTUTI', '2022-06-15', 12, '2023-06-15', 5000000),
(424, '0000004710', 'KC OTISTA', 'NAMASTRA MAKMUR 6', '00222000000731', '1901241', 'WAWAN KARNAWAN', '2022-02-16', 6, '2022-08-16', 5000000),
(425, '0000101417', 'KC OTISTA', 'NAMASTRA MAKMUR 12', '00224000000739', '1900278', 'IRAWAN DARMAWAN', '2022-03-17', 12, '2023-03-17', 100000000),
(426, '0000200219', 'KC OTISTA', 'NAMASTRA MAKMUR 6', '00222000000744', '1901269', 'MONA PRISILLA .V', '2022-04-18', 6, '2022-10-18', 20000000),
(427, '0000000198', 'KC OTISTA', 'NAMASTRA MAKMUR 12', '00224000000732', '1901242', 'IYA YULIYANA', '2022-02-18', 12, '2023-02-18', 5100000),
(428, '0000200080', 'KC OTISTA', 'NAMASTRA MAKMUR 12', '00224000000740', '1900280', 'MARAH HASYIR, SH', '2022-03-18', 12, '2023-03-18', 10000000),
(429, '0000200398', 'KC OTISTA', 'NAMASTRA MAKMUR 12', '00224000000764', '01900327', 'HJ.YUSI KUARIYANTI', '2022-07-18', 12, '2023-07-18', 10000000),
(430, '0000200426', 'KC OTISTA', 'NAMASTRA MAKMUR 12 BUNGA AWAL', '00291000000697', '1901217', 'SUGIWAN DARMAWAN', '2021-08-19', 12, '2022-08-19', 50000000),
(431, '0000200426', 'KC OTISTA', 'NAMASTRA MAKMUR 12 BUNGA AWAL', '00291000000765', '01900328', 'SUGIWAN DARMAWAN', '2022-07-19', 12, '2023-07-19', 100000000),
(432, '0000000198', 'KC OTISTA', 'NAMASTRA MAKMUR 12', '00224000000705', '1901224', 'IYA YULIYANA', '2021-09-20', 12, '2022-09-20', 5000000),
(433, '0000200426', 'KC OTISTA', 'NAMASTRA MAKMUR 12', '00224000000709', '1901227', 'SUGIWAN DARMAWAN', '2021-10-21', 12, '2022-10-21', 5000000),
(434, '0000000741', 'KC OTISTA', 'DEPOSITO APP 300', '00260000000710', 'APP020460', 'Eric Cardova ', '2021-10-22', 300, '2022-08-18', 500940),
(435, '0000001891', 'KC OTISTA', 'NAMASTRA MAKMUR 12', '00224000000724', '1901235', 'NENI MARYANI', '2021-12-24', 12, '2022-12-24', 6200000),
(436, '0000005475', 'KC OTISTA', 'NAMASTRA MAKMUR 6', '00222000000752', '01901284', 'IMAS NURASIAH, S PD I', '2022-05-25', 6, '2022-11-25', 10000000),
(437, '0000101419', 'KC OTISTA', 'NAMASTRA MAKMUR 12', '00224000000766', '01900329', 'YOHANNA TUNGGA', '2022-07-25', 12, '2023-07-25', 10000000),
(438, '0000005657', 'KC OTISTA', 'NAMASTRA MAKMUR 6', '00222000000767', '01900330', 'DEWI DEVIYANTI', '2022-07-26', 6, '2023-01-26', 10000000),
(439, '0000200168', 'KC OTISTA', 'NAMASTRA MAKMUR 12', '00224000000753', '01901285', 'ROSIANTY DARLITHA', '2022-05-27', 12, '2023-05-27', 15000000),
(440, '0000005657', 'KC OTISTA', 'NAMASTRA MAKMUR 12', '00224000000768', '01900331', 'DEWI DEVIYANTI', '2022-07-27', 12, '2023-07-27', 100000000),
(441, '0000200397', 'KC OTISTA', 'NAMASTRA MAKMUR 12', '00224000000745', '01901271', 'YENI MULIAWATI', '2022-04-28', 12, '2023-04-28', 10000000),
(442, '0000000764', 'KC OTISTA', 'DEPOSITO DANA APP KOMERSIL 1', '00266000000604', 'APP020420', 'Dionisius Evan Grady', '2020-12-28', 90, '2022-09-19', 500000),
(443, '0000005495', 'KC OTISTA', 'NAMASTRA MAKMUR 6', '00222000000769', '01901391', 'ISOP SOPIAH', '2022-07-29', 6, '2023-01-29', 5000000),
(444, '0000000198', 'KC OTISTA', 'NAMASTRA MAKMUR 12', '00224000000758', '01900313', 'IYA YULIYANA', '2022-06-30', 12, '2023-06-30', 5000000),
(445, '0000101419', 'KC OTISTA', 'NAMASTRA MAKMUR 12', '00224000000728', '1901238', 'YOHANNA TUNGGA', '2022-01-31', 12, '2023-01-31', 10000000),
(446, '0000200125', 'KC OTISTA', 'NAMASTRA MAKMUR 12', '00224000000741', '1901251', 'TINAH YUSUP', '2022-03-31', 12, '2023-03-31', 10000000),
(447, '0000000709', 'KC PURWAKARTA', 'DEPOSIT DANA APP KOMERSIL 2', '00367000000231', 'APP030182', 'Toni Wongso', '2022-03-01', 180, '2022-08-28', 11000000),
(448, '0000000709', 'KC PURWAKARTA', 'DEPOSITO APP MANDIRI SEJAHTERA', '00396000000201', 'APP30155', 'Toni Wongso', '2021-09-01', 12, '2022-09-01', 12000000),
(449, '0000000709', 'KC PURWAKARTA', 'DEPOSITO DANA APP KOMERSIL 1', '00366000000267', 'APP030214', 'Toni Wongso', '2022-06-03', 90, '2022-09-01', 30000000),
(450, '0000000709', 'KC PURWAKARTA', 'DEPOSITO DANA APP KOMERSIL 1', '00366000000297', 'APP030237', 'Toni Wongso', '2022-08-03', 90, '2022-11-01', 10000000),
(451, '0000000709', 'KC PURWAKARTA', 'DEPOSITO APP MANDIRI SEJAHTERA', '00396000000204', 'APP30158', 'Toni Wongso', '2021-09-03', 12, '2022-09-03', 15000000),
(452, '0000000709', 'KC PURWAKARTA', 'DEPOSITO DANA APP KOMERSIL 1', '00366000000283', 'APP030226', 'Toni Wongso', '2022-07-04', 90, '2022-10-02', 20000000),
(453, '0000000709', 'KC PURWAKARTA', 'DEPOSIT DANA APP KOMERSIL 2', '00367000000285', 'APP030228', 'Toni Wongso', '2022-07-04', 180, '2022-12-31', 10000000),
(454, '0000000709', 'KC PURWAKARTA', 'DEPOSITO APP MANDIRI SEJAHTERA', '00396000000284', 'APP030227', 'Toni Wongso', '2022-07-04', 12, '2023-07-04', 10000000),
(455, '0000000709', 'KC PURWAKARTA', 'DEPOSITO DANA APP KOMERSIL 1', '00366000000269', 'APP030216', 'Toni Wongso', '2022-06-06', 90, '2022-09-04', 20000000),
(456, '0000000709', 'KC PURWAKARTA', 'DEPOSIT DANA APP KOMERSIL 2', '00367000000268', 'APP030215', 'Toni Wongso', '2022-06-06', 180, '2022-12-03', 20000000),
(457, '0000000709', 'KC PURWAKARTA', 'DEPOSIT DANA APP KOMERSIL 2', '00367000000232', 'APP030183', 'Toni Wongso', '2022-03-07', 180, '2022-09-03', 6000000),
(458, '0000000709', 'KC PURWAKARTA', 'DEPOSIT DANA APP KOMERSIL 2', '00367000000234', 'APP030185', 'Toni Wongso', '2022-03-07', 180, '2022-09-03', 5000000),
(459, '0000000709', 'KC PURWAKARTA', 'DEPOSITO APP MANDIRI SEJAHTERA', '00396000000233', 'APP030184', 'Toni Wongso', '2022-03-07', 12, '2023-03-07', 5000000),
(460, '0000005636', 'KC PURWAKARTA', 'NAMASTRA MAKMUR 6 BUNGA AWAL', '00390000000286', '01901362', 'ABDUL MUTMAIN', '2022-07-08', 6, '2023-01-08', 5000000),
(461, '0000005684', 'KC PURWAKARTA', 'NAMASTRA MAKMUR 12', '00324000000298', '01901374', 'MAMAY', '2022-08-10', 12, '2023-08-10', 20000000),
(462, '0000000709', 'KC PURWAKARTA', 'DEPOSIT DANA APP KOMERSIL 2', '00367000000260', 'APP030207', 'Toni Wongso', '2022-05-10', 180, '2022-11-06', 10000000),
(463, '0000000709', 'KC PURWAKARTA', 'DEPOSIT DANA APP KOMERSIL 2', '00367000000262', 'APP030209', 'Toni Wongso', '2022-05-10', 180, '2022-11-06', 15000000),
(464, '0000000709', 'KC PURWAKARTA', 'DEPOSITO APP MANDIRI SEJAHTERA', '00396000000259', 'APP030206', 'Toni Wongso', '2022-05-10', 12, '2023-05-10', 10000000),
(465, '0000000709', 'KC PURWAKARTA', 'DEPOSITO APP MANDIRI SEJAHTERA', '00396000000263', 'APP030210', 'Toni Wongso', '2022-05-10', 12, '2023-05-10', 15000000),
(466, '0000000709', 'KC PURWAKARTA', 'DEPOSITO DANA APP KOMERSIL 1', '00366000000288', 'APP030230', 'Toni Wongso', '2022-07-11', 90, '2022-10-09', 10000000),
(467, '0000000709', 'KC PURWAKARTA', 'DEPOSITO DANA APP KOMERSIL 1', '00366000000299', 'APP030238', 'Toni Wongso', '2022-08-11', 90, '2022-11-09', 17000000),
(468, '0000000709', 'KC PURWAKARTA', 'DEPOSIT DANA APP KOMERSIL 2', '00367000000246', 'APP030196', 'Toni Wongso', '2022-04-11', 180, '2022-10-08', 20000000),
(469, '0000000709', 'KC PURWAKARTA', 'DEPOSIT DANA APP KOMERSIL 2', '00367000000289', 'APP030229', 'Toni Wongso', '2022-07-11', 180, '2023-01-07', 12000000),
(470, '0000000709', 'KC PURWAKARTA', 'DEPOSITO APP MANDIRI SEJAHTERA', '00396000000247', 'APP030197', 'Toni Wongso', '2022-04-11', 12, '2023-04-11', 20000000),
(471, '0000005686', 'KC PURWAKARTA', 'NAMASTRA MAKMUR 24', '00325000000301', '01901376', 'HENDRO HASUDUNGAN SIHOMBING', '2022-08-12', 24, '2024-08-12', 200000000),
(472, '0000000709', 'KC PURWAKARTA', 'DEPOSITO DANA APP KOMERSIL 1', '00366000000270', 'APP030217', 'Toni Wongso', '2022-06-14', 90, '2022-09-12', 30000000),
(473, '0000000709', 'KC PURWAKARTA', 'DEPOSITO DANA APP KOMERSIL 1', '00366000000292', 'APP030233', 'Toni Wongso', '2022-07-14', 90, '2022-10-12', 15000000),
(474, '0000000709', 'KC PURWAKARTA', 'DEPOSIT DANA APP KOMERSIL 2', '00367000000250', 'APP030200', 'Toni Wongso', '2022-04-14', 180, '2022-10-11', 15000000),
(475, '0000000709', 'KC PURWAKARTA', 'DEPOSIT DANA APP KOMERSIL 2', '00367000000271', 'APP030218', 'Toni Wongso', '2022-06-14', 180, '2022-12-11', 20000000),
(476, '0000000709', 'KC PURWAKARTA', 'DEPOSIT DANA APP KOMERSIL 2', '00367000000291', 'APP030232', 'Toni Wongso', '2022-07-14', 180, '2023-01-10', 15000000),
(477, '0000000709', 'KC PURWAKARTA', 'DEPOSITO APP MANDIRI SEJAHTERA', '00396000000251', 'APP030201', 'Toni Wongso', '2022-04-14', 12, '2023-04-14', 15000000),
(478, '0000000709', 'KC PURWAKARTA', 'DEPOSITO APP MANDIRI SEJAHTERA', '00396000000252', 'APP030198', 'Toni Wongso', '2022-04-14', 12, '2023-04-14', 20000000),
(479, '0000000709', 'KC PURWAKARTA', 'DEPOSITO APP MANDIRI SEJAHTERA', '00396000000272', 'APP030219', 'Toni Wongso', '2022-06-14', 12, '2023-06-14', 20000000),
(480, '0000000709', 'KC PURWAKARTA', 'DEPOSITO APP MANDIRI SEJAHTERA', '00396000000290', 'APP030231', 'Toni Wongso', '2022-07-14', 12, '2023-07-14', 15000000),
(481, '0000005559', 'KC PURWAKARTA', 'NAMASTRA MAKMUR 6', '00322000000273', '190000301', 'KRISNA DWI ARISTYADI', '2022-06-16', 6, '2022-12-16', 5000000),
(482, '0000005562', 'KC PURWAKARTA', 'NAMASTRA MAKMUR 3', '00321000000274', '190000304', 'FITRIANI', '2022-06-17', 3, '2022-09-17', 5000000),
(483, '0000000709', 'KC PURWAKARTA', 'DEPOSIT DANA APP KOMERSIL 2', '00367000000238', 'APP030189', 'Toni Wongso', '2022-03-17', 180, '2022-09-13', 3000000),
(484, '0000000709', 'KC PURWAKARTA', 'DEPOSITO APP MANDIRI SEJAHTERA', '00396000000237', 'APP030188', 'Toni Wongso', '2022-03-17', 12, '2023-03-17', 4000000),
(485, '0000000709', 'KC PURWAKARTA', 'DEPOSITO DANA APP KOMERSIL 1', '00366000000266', 'APP030213', 'Toni Wongso', '2022-05-18', 90, '2022-08-16', 20000000),
(486, '0000000709', 'KC PURWAKARTA', 'DEPOSITO DANA APP KOMERSIL 1', '00366000000295', 'APP030235', 'Toni Wongso', '2022-07-18', 90, '2022-10-16', 10000000),
(487, '0000000709', 'KC PURWAKARTA', 'DEPOSIT DANA APP KOMERSIL 2', '00367000000254', 'APP030203', 'Toni Wongso', '2022-04-18', 180, '2022-10-15', 25000000),
(488, '0000000709', 'KC PURWAKARTA', 'DEPOSIT DANA APP KOMERSIL 2', '00367000000265', 'APP030212', 'Toni Wongso', '2022-05-18', 180, '2022-11-14', 20000000),
(489, '0000000709', 'KC PURWAKARTA', 'DEPOSIT DANA APP KOMERSIL 2', '00367000000296', 'APP030236', 'Toni Wongso', '2022-07-18', 180, '2023-01-14', 10000000),
(490, '0000000709', 'KC PURWAKARTA', 'DEPOSITO APP MANDIRI SEJAHTERA', '00396000000253', 'APP030202', 'Toni Wongso', '2022-04-18', 12, '2023-04-18', 25000000),
(491, '0000000709', 'KC PURWAKARTA', 'DEPOSITO APP MANDIRI SEJAHTERA', '00396000000264', 'APP030211', 'Toni Wongso', '2022-05-18', 12, '2023-05-18', 20000000),
(492, '0000000709', 'KC PURWAKARTA', 'DEPOSITO APP MANDIRI SEJAHTERA', '00396000000294', 'APP030234', 'Toni Wongso', '2022-07-18', 12, '2023-07-18', 10000000),
(493, '0000000914', 'KC PURWAKARTA', 'DEPOSITO APP 300', '00360000000138', 'APP030120', 'Sembrina', '2020-04-22', 300, '2022-10-09', 500000),
(494, '0000000709', 'KC PURWAKARTA', 'DEPOSIT DANA APP KOMERSIL 2', '00367000000239', 'APP030190', 'Toni Wongso', '2022-03-24', 180, '2022-09-20', 2000000),
(495, '0000000709', 'KC PURWAKARTA', 'DEPOSITO APP MANDIRI SEJAHTERA', '00396000000240', 'APP030191', 'Toni Wongso', '2022-03-24', 12, '2023-03-24', 2000000),
(496, '0000000709', 'KC PURWAKARTA', 'DEPOSIT DANA APP KOMERSIL 2', '00367000000230', 'APP030181', 'Toni Wongso', '2022-02-25', 180, '2022-08-24', 1700000),
(497, '0000004310', 'KC PURWAKARTA', 'NAMASTRA MAKMUR 12', '00324000000200', '19000243', 'ASIKIN', '2021-08-26', 12, '2022-08-26', 30000000),
(498, '0000005408', 'KC PURWAKARTA', 'NAMASTRA MAKMUR 12', '00324000000257', '19000273', 'PASKAH CHRISTO SIHOMBING', '2022-04-26', 12, '2023-04-26', 100000000),
(499, '0000000709', 'KC PURWAKARTA', 'DEPOSITO DANA APP KOMERSIL 1', '00366000000277', 'APP030220', 'Toni Wongso', '2022-06-27', 90, '2022-09-25', 15000000),
(500, '0000000709', 'KC PURWAKARTA', 'DEPOSIT DANA APP KOMERSIL 2', '00367000000278', 'APP030221', 'Toni Wongso', '2022-06-27', 180, '2022-12-24', 10000000),
(501, '0000005588', 'KC PURWAKARTA', 'NAMASTRA MAKMUR 12 BUNGA AWAL', '00391000000276', '190001356', 'GITTA WIJAYANTI', '2022-06-27', 12, '2023-06-27', 20000000),
(502, '0000000709', 'KC PURWAKARTA', 'DEPOSITO APP MANDIRI SEJAHTERA', '00396000000279', 'APP030222', 'Toni Wongso', '2022-06-27', 12, '2023-06-27', 10000000),
(503, '0000000709', 'KC PURWAKARTA', 'DEPOSITO APP MANDIRI SEJAHTERA', '00396000000219', 'APP30170', 'Toni Wongso', '2021-12-28', 12, '2022-12-28', 25000000),
(504, '0000000709', 'KC PURWAKARTA', 'DEPOSITO DANA APP KOMERSIL 1', '00366000000280', 'APP030223', 'Toni Wongso', '2022-06-29', 90, '2022-09-27', 30000000),
(505, '0000000709', 'KC PURWAKARTA', 'DEPOSIT DANA APP KOMERSIL 2', '00367000000281', 'APP030224', 'Toni Wongso', '2022-06-29', 180, '2022-12-26', 10000000),
(506, '0000000709', 'KC PURWAKARTA', 'DEPOSITO APP MANDIRI SEJAHTERA', '00396000000282', 'APP030225', 'Toni Wongso', '2022-06-29', 12, '2023-06-29', 10000000),
(507, '0000000709', 'KC PURWAKARTA', 'DEPOSIT DANA APP KOMERSIL 2', '00367000000242', 'APP030192', 'Toni Wongso', '2022-03-31', 180, '2022-09-27', 5000000),
(508, '0000000709', 'KC PURWAKARTA', 'DEPOSITO APP MANDIRI SEJAHTERA', '00396000000244', 'APP030194', 'Toni Wongso', '2022-03-31', 12, '2023-03-31', 5000000),
(509, '0000005635', 'KC TANGCITY', 'NAMASTRA MAKMUR 6', '00422000000016', '011902130', 'MAYANGSARI HIDAYATI', '2022-08-01', 6, '2023-02-01', 50000000),
(510, '0000005417', 'KC TANGCITY', 'NAMASTRA MAKMUR 6', '00422000000008', '011902120', 'MELINA DIAH NUGRAHENI', '2022-06-02', 6, '2022-12-02', 5000000),
(511, '0000005484', 'KC TANGCITY', 'NAMASTRA MAKMUR 6', '00422000000011', '011902124', 'MARJAN ARIFIN', '2022-07-04', 6, '2023-01-04', 10000000),
(512, '0000005635', 'KC TANGCITY', 'NAMASTRA MAKMUR 6', '00422000000012', '011902126', 'MAYANGSARI HIDAYATI', '2022-07-07', 6, '2023-01-07', 15000000),
(513, '0000005361', 'KC TANGCITY', 'NAMASTRA MAKMUR 6', '00422000000005', '1902114', 'DADAS', '2022-05-09', 6, '2022-11-09', 5085605),
(514, '0000004704', 'KC TANGCITY', 'NAMASTRA MAKMUR 6', '00422000000013', '011902127', 'SUDARGO SUGIARTO', '2022-07-12', 6, '2023-01-12', 20000000),
(515, '0000005552', 'KC TANGCITY', 'NAMASTRA MAKMUR 6 BUNGA AWAL', '00490000000009', '011902121', 'RAJ RETNO KUS SAMSIATI', '2022-06-13', 6, '2022-12-13', 100000000),
(516, '0000005435', 'KC TANGCITY', 'NAMASTRA MAKMUR 6', '00422000000006', '011902118', 'MARYANTO', '2022-05-18', 6, '2022-11-18', 15192455),
(517, '0000005651', 'KC TANGCITY', 'NAMASTRA MAKMUR 6 BUNGA AWAL', '00490000000014', '011902128', 'RAHMAWATI', '2022-07-19', 6, '2023-01-19', 10000000),
(518, '0000004704', 'KC TANGCITY', 'NAMASTRA MAKMUR 6', '00422000000007', '011902119', 'SUDARGO SUGIARTO', '2022-05-20', 6, '2022-11-20', 30000000),
(519, '0000004770', 'KC TANGCITY', 'NAMASTRA MAKMUR 6', '00422000000015', '011902129', 'WAHYUNI KUMALA ', '2022-07-22', 6, '2023-01-22', 5000000),
(520, '0000004770', 'KC TANGCITY', 'NAMASTRA MAKMUR 6', '00422000000010', '011902123', 'WAHYUNI KUMALA ', '2022-06-28', 6, '2022-12-28', 5029589),
(521, '0000005039', 'KC BANDUNG', 'NAMASTRA MAKMUR 12 BUNGA AWAL', '00591000000012', '19002163', 'AGUS SUPARMAN', '2021-11-01', 12, '2022-11-01', 17000000),
(522, '0000004872', 'KC BANDUNG', 'NAMASTRA MAKMUR 12 BUNGA AWAL', '00591000000013', '1902161', 'PRAFTI WIDYA ARYANI', '2021-11-03', 12, '2022-11-03', 5000000),
(523, '0000005682', 'KC BANDUNG', 'NAMASTRA MAKMUR 3 BUNGA AWAL', '00589000000030', '01902197', 'DRA DIENCE HERLINA AK', '2022-08-08', 3, '2022-11-08', 10000000),
(524, '0000005328', 'KC BANDUNG', 'NAMASTRA MAKMUR 6 BUNGA AWAL', '00590000000018', '01902186', 'NANDA SUANDA', '2022-05-09', 6, '2022-11-09', 5000000),
(525, '0000005377', 'KC BANDUNG', 'NAMASTRA MAKMUR 3 BUNGA AWAL', '00589000000024', '01902191', 'OK MOHAMMAD EDBERT FARREL FRANQQIS', '2022-06-13', 3, '2022-09-13', 50000000),
(526, '0000005413', 'KC BANDUNG', 'NAMASTRA MAKMUR 12 BUNGA AWAL', '00591000000020', '01902188', 'MULYAWATI', '2022-05-19', 12, '2023-05-19', 80000000),
(527, '0000005464', 'KC BANDUNG', 'NAMASTRA MAKMUR 12 BUNGA AWAL', '00591000000021', '01902189', 'FIKRY MAULIDANI', '2022-05-23', 12, '2023-05-23', 8000000),
(528, '0000005490', 'KC BANDUNG', 'NAMASTRA MAKMUR 3 BUNGA AWAL', '00589000000025', '01902192', 'HILDA SOPHIA WIRADIREDJA', '2022-06-24', 3, '2022-09-24', 100000000),
(529, '0000005063', 'KC BANDUNG', 'NAMASTRA MAKMUR 12 BUNGA AWAL', '00591000000016', '19002165', 'SUNJAYA JUHARI', '2021-11-26', 12, '2022-11-26', 10000000),
(530, '0000005413', 'KC BANDUNG', 'NAMASTRA MAKMUR 12 BUNGA AWAL', '00591000000017', '01902185', 'MULYAWATI', '2022-04-26', 12, '2023-04-26', 40000000),
(531, '0000005663', 'KC BANDUNG', 'NAMASTRA MAKMUR 3 BUNGA AWAL', '00589000000029', '01902196', 'MUHAMAD INDRI ROHIBAN', '2022-07-28', 3, '2022-10-28', 10000000),
(532, '0000005609', 'KC BANDUNG', 'NAMASTRA MAKMUR 3 BUNGA AWAL', '00589000000026', '01902193', 'DRA HJ ELSY KURNIASIH AK', '2022-06-29', 3, '2022-09-29', 10000000),
(533, '0000005611', 'KC BANDUNG', 'NAMASTRA MAKMUR 3 BUNGA AWAL', '00589000000027', '01902194', 'WAYAN PASEK JATI', '2022-06-30', 3, '2022-09-30', 15000000),
(534, '0000005030', 'KC BANDUNG', 'NAMASTRA MAKMUR 3 BUNGA AWAL', '00589000000028', '01902195', 'JIMY PRATAMA', '2022-06-30', 3, '2022-09-30', 10000000),
(535, '0000005490', 'KC BANDUNG', 'NAMASTRA MAKMUR 12 BUNGA AWAL', '00591000000023', '01902190', 'HILDA SOPHIA WIRADIREDJA', '2022-05-30', 12, '2023-05-30', 10000000);

-- --------------------------------------------------------

--
-- Table structure for table `jabatan`
--

CREATE TABLE `jabatan` (
  `id_jabatan` int(11) NOT NULL,
  `nama_jabatan` varchar(128) DEFAULT NULL
) ENGINE=InnoDB DEFAULT CHARSET=latin1;

--
-- Dumping data for table `jabatan`
--

INSERT INTO `jabatan` (`id_jabatan`, `nama_jabatan`) VALUES
(1, 'IT Supoort'),
(2, 'Management'),
(3, 'Operasional'),
(4, 'Pimpinana Cabang'),
(5, 'Tl Funding'),
(6, 'Fo Funding');

-- --------------------------------------------------------

--
-- Table structure for table `karyawan`
--

CREATE TABLE `karyawan` (
  `id` int(20) NOT NULL,
  `nik` varchar(128) NOT NULL,
  `nama_lengkap` varchar(128) NOT NULL,
  `tgl_lahir` date NOT NULL,
  `alamat` text NOT NULL,
  `no_hp` varchar(20) NOT NULL,
  `tgl_masuk` date NOT NULL,
  `tgl_keluar` date NOT NULL,
  `jabatan` varchar(128) NOT NULL,
  `kode_cabang` varchar(123) NOT NULL,
  `is_active` int(1) NOT NULL,
  `create_date` date NOT NULL
) ENGINE=InnoDB DEFAULT CHARSET=latin1;

--
-- Dumping data for table `karyawan`
--

INSERT INTO `karyawan` (`id`, `nik`, `nama_lengkap`, `tgl_lahir`, `alamat`, `no_hp`, `tgl_masuk`, `tgl_keluar`, `jabatan`, `kode_cabang`, `is_active`, `create_date`) VALUES
(1, 'NJS/10-0240', 'Asep saypul rohim', '1989-05-15', 'Dramaga Bogor', '081390844197', '2019-05-15', '0000-00-00', 'IT Support', 'Namastra Pusat', 1, '2022-08-24');

-- --------------------------------------------------------

--
-- Table structure for table `pinjaman`
--

CREATE TABLE `pinjaman` (
  `id_pinjaman` int(20) NOT NULL,
  `no_pasilitas` varchar(30) DEFAULT NULL,
  `no_anggota` varchar(30) DEFAULT NULL,
  `cabang` varchar(20) DEFAULT NULL,
  `produk_pinjaman` varchar(50) DEFAULT NULL,
  `no_perjanjian` varchar(30) DEFAULT NULL,
  `nama_anggota` varchar(50) DEFAULT NULL,
  `tgl_pinjam` date DEFAULT NULL,
  `jatem` date DEFAULT NULL,
  `jangka_waktu` int(20) DEFAULT NULL,
  `fasilitas` int(12) DEFAULT NULL,
  `saldo_akhir` int(12) DEFAULT NULL,
  `nama_ao` varchar(20) DEFAULT NULL
) ENGINE=InnoDB DEFAULT CHARSET=latin1;

--
-- Dumping data for table `pinjaman`
--

INSERT INTO `pinjaman` (`id_pinjaman`, `no_pasilitas`, `no_anggota`, `cabang`, `produk_pinjaman`, `no_perjanjian`, `nama_anggota`, `tgl_pinjam`, `jatem`, `jangka_waktu`, `fasilitas`, `saldo_akhir`, `nama_ao`) VALUES
(13, '00031400000000005', '0000002187', 'KPNO NAMASTRA PUSAT', '005/SPK-KAR/PUSAT/NJS/XII/2021', 'PINJAMAN KARYAWAN', 'SERAPHICUS SASMITA SPD', '2021-12-16', '2022-12-16', 12, 20000000, 8331000, 'ANDHI AFRIANDHI'),
(14, '00131400000000642', '0000003620', 'KPO PANDU', '234/SPK-PINJKARY-NJS/VII 2022', 'PINJAMAN KARYAWAN', 'ARIA ADE SAPUTRA', '2022-07-26', '2023-01-26', 6, 5000000, 5000000, 'RIKLOF ROBINSON RITB'),
(15, '00131400000000633', '0000003668', 'KPO PANDU', '233/SPK-PINJKARY-NJS/IV 2022', 'PINJAMAN KARYAWAN', 'ARI TRIYANTO', '2022-04-27', '2023-04-27', 12, 5000000, 3749000, 'RIKLOF ROBINSON RITB'),
(16, '00131400000000623', '0000004836', 'KPO PANDU', '231/SPK-NAM-NJS/II 2022', 'PINJAMAN KARYAWAN', 'TAUFIK HIDAYAT', '2022-02-09', '2023-02-09', 12, 10000000, 4996000, 'ARI KUSWARA'),
(17, '00131400000000632', '0000005084', 'KPO PANDU', '232/SPK-PINJKARY-NJS/IV 2022', 'PINJAMAN KARYAWAN', 'MUHAMAD IRFAN EFFENDI', '2022-04-26', '2023-04-26', 12, 15000000, 11250000, 'EDWIN CAHYADI SUTANT'),
(18, '00131400000000643', '0000005606', 'KPO PANDU', '235/SPK-PINJKARY-NJS/VIII 2022', 'PINJAMAN KARYAWAN', 'JULIUS HAMONANGAN', '2022-08-10', '2023-02-10', 6, 5000000, 5000000, 'JULIUS HAMONANGAN');

-- --------------------------------------------------------

--
-- Table structure for table `pipeline`
--

CREATE TABLE `pipeline` (
  `id_pipline` int(11) NOT NULL,
  `tgl_input` date NOT NULL,
  `tgl_prospek` date NOT NULL,
  `kode_cabang` char(3) NOT NULL,
  `tl_funding` varchar(50) NOT NULL,
  `funding_officer` varchar(50) NOT NULL,
  `nama_prospek` varchar(50) NOT NULL,
  `alamat` text NOT NULL,
  `nohp` varchar(128) NOT NULL,
  `pipline` varchar(50) NOT NULL,
  `estimasi_close` int(11) NOT NULL,
  `closing` int(11) NOT NULL,
  `upload_img` varchar(200) NOT NULL,
  `id_status` int(11) NOT NULL,
  `NotePC` varchar(50) NOT NULL
) ENGINE=InnoDB DEFAULT CHARSET=latin1;

--
-- Dumping data for table `pipeline`
--

INSERT INTO `pipeline` (`id_pipline`, `tgl_input`, `tgl_prospek`, `kode_cabang`, `tl_funding`, `funding_officer`, `nama_prospek`, `alamat`, `nohp`, `pipline`, `estimasi_close`, `closing`, `upload_img`, `id_status`, `NotePC`) VALUES
(57, '2022-09-07', '2022-09-07', 'BGR', 'Apriola Rosenda', 'Apriola Rosenda', 'toko bangunan', 'tess', '081390844197', 'P1 - penawaran Produk', 10000000, 10000000, 'doc1662522849.jpg', 2, 'bagus'),
(58, '2022-09-07', '2022-09-07', 'BGR', 'Apriola Rosenda', 'Apriola Rosenda', 'tanah abang', 'jakarta pusat', '081390844197', 'P1 - penawaran Produk', 300000000, 0, 'doc1662525665.jpg', 1, 'good'),
(59, '2022-09-07', '2022-09-07', 'PWT', 'Apriola Rosenda', 'cindy', 'Ke Pabrik terbesar di purwakarta', 'purwakarta', '081390844197', 'P1 - penawaran Produk', 0, 300000000, 'doc1662525907.jpg', 2, 'bagus'),
(60, '2022-09-07', '2022-09-07', 'SKB', 'Aeng Didi Hermawan', 'Aeng Didi Hermawan', 'Rumah sakit kartika', 'Sukabumi', '081390844197', 'P2 - Follow up', 500000000, 0, 'doc1662528011.jpg', 1, 'Masih Menunggu Nasabah akan di follow up lebih lan');

-- --------------------------------------------------------

--
-- Table structure for table `role_id`
--

CREATE TABLE `role_id` (
  `id` int(11) NOT NULL,
  `role` varchar(128) NOT NULL
) ENGINE=InnoDB DEFAULT CHARSET=latin1;

--
-- Dumping data for table `role_id`
--

INSERT INTO `role_id` (`id`, `role`) VALUES
(1, 'administrator'),
(2, 'member'),
(3, 'management'),
(6, 'pimpinan cabang');

-- --------------------------------------------------------

--
-- Table structure for table `status`
--

CREATE TABLE `status` (
  `id_status` int(11) NOT NULL,
  `status` varchar(128) DEFAULT NULL
) ENGINE=InnoDB DEFAULT CHARSET=latin1;

--
-- Dumping data for table `status`
--

INSERT INTO `status` (`id_status`, `status`) VALUES
(1, 'On Progress'),
(2, 'Approve'),
(3, 'Tolak');

-- --------------------------------------------------------

--
-- Table structure for table `user`
--

CREATE TABLE `user` (
  `id` int(11) NOT NULL,
  `name` varchar(128) NOT NULL,
  `email` varchar(128) NOT NULL,
  `image` varchar(128) NOT NULL,
  `password` varchar(256) NOT NULL,
  `role_id` int(11) NOT NULL,
  `kode_cabang` char(3) NOT NULL,
  `is_active` int(1) NOT NULL,
  `date` int(11) NOT NULL,
  `id_jabatan` int(11) DEFAULT NULL
) ENGINE=InnoDB DEFAULT CHARSET=latin1;

--
-- Dumping data for table `user`
--

INSERT INTO `user` (`id`, `name`, `email`, `image`, `password`, `role_id`, `kode_cabang`, `is_active`, `date`, `id_jabatan`) VALUES
(5, 'Asep Saypul Rohim', 'admin@gmail.com', 'default.jpg', '$2y$10$5uYt8Wu8oLnFKNetaszJregqW8IP1cXDnGtorHoBkqBc7J/ynoObC', 1, 'PST', 1, 1660936005, 1),
(34, 'Apriola Rosenda', 'apriola@namastra.co.id', 'default.jpg', '$2y$10$dDeINJyHTaUwXBSwoKXgDOb1V3z43q8aJYoNtYdVjrh0UKmAaEsM6', 2, 'BGR', 1, 1662515236, 6),
(35, 'cindy', 'cindy@namastra.co.id', 'default.jpg', '$2y$10$iw.XreyLTNoC8X6bsjasNe2tXjEZKoeLkbo95XqhiEGETO.QLqLea', 2, 'PWT', 1, 1662515260, 6),
(36, 'Aeng Didi Hermawan', 'aeng@namastra.co.id', 'default.jpg', '$2y$10$ER21gQG0D8nlYzAgRuWSnuooL2JXx4WGvwrhWM3D6lun3nM5WIATq', 2, 'SKB', 1, 1662515320, 6),
(37, 'Susanti', 'Susanti@namastra.co.id', 'default.jpg', '$2y$10$m9.thrquWXctfCAOPNU6curlh/IDDcf9qfktfXIWVWTmSxWuoFf36', 2, 'TAN', 1, 1662515417, 6),
(38, 'Emy Kusumawati', 'emy@namastra.co.id', 'default.jpg', '$2y$10$LNj16lRCE32oChMPC9sdqOcser7jd3Y9LAItQsXgeBPqKmvNa9Acu', 2, 'BDG', 1, 1662515444, 6),
(39, 'irpan', 'irpan@namastra.co.id', 'default.jpg', '$2y$10$VpLDLxw62itqnkaNO6sQt.lodiFwhEtlJjDxVE0VA7jGJfhkBWEHy', 6, 'BGR', 1, 1662515740, 4),
(40, 'yudha', 'yudah@namatra.co.id', 'default.jpg', '$2y$10$EkJ//i0P1pyJXrNhk4wMxe7S8Xz17ZUIA8KbvUF3jiUFUsMz.IMpS', 6, 'PWT', 1, 1662525757, 4),
(41, 'Frans', 'frans@namastra.co.id', 'default.jpg', '$2y$10$7q5cm9X/1g5h/5kqm7BPguv114Eq2eNYF.SdlBi7my7hz.pAJ.q0e', 3, 'PST', 1, 1662526045, 2),
(42, 'Redi', 'redi@namastra.co.id', 'default.jpg', '$2y$10$W1zGFsWdbJbU7QKNemTM.OXX3H2U7Dah7i4yjfQIC1ldtKLKHRZzG', 6, 'SKB', 1, 1662528061, 4);

-- --------------------------------------------------------

--
-- Table structure for table `user_access_menu`
--

CREATE TABLE `user_access_menu` (
  `id` int(11) NOT NULL,
  `role_id` int(11) NOT NULL,
  `menu_id` int(11) NOT NULL
) ENGINE=InnoDB DEFAULT CHARSET=latin1;

--
-- Dumping data for table `user_access_menu`
--

INSERT INTO `user_access_menu` (`id`, `role_id`, `menu_id`) VALUES
(1, 1, 1),
(16, 1, 8),
(17, 1, 10),
(18, 2, 10),
(20, 1, 12),
(23, 2, 12),
(24, 1, 14),
(25, 1, 11),
(33, 1, 21),
(34, 3, 11),
(35, 3, 21),
(37, 3, 2),
(38, 3, 10),
(39, 1, 22),
(41, 6, 10),
(43, 6, 22);

-- --------------------------------------------------------

--
-- Table structure for table `user_menu`
--

CREATE TABLE `user_menu` (
  `id` int(11) NOT NULL,
  `menu` varchar(128) NOT NULL,
  `icon` varchar(128) NOT NULL
) ENGINE=InnoDB DEFAULT CHARSET=latin1;

--
-- Dumping data for table `user_menu`
--

INSERT INTO `user_menu` (`id`, `menu`, `icon`) VALUES
(1, 'Admin', 'nav-icon fas fa-user'),
(8, 'Menu', 'nav-icon fa fa-folder'),
(10, 'User', 'nav-icon fas fa-users'),
(11, 'Master Data', 'nav-icon fas fa-database'),
(12, 'Pipeline', 'nav-icon fas fa-table'),
(21, 'Laporan', 'nav-icon fas fa fa-id-card'),
(22, 'Otorisasi', 'nav-icon fas fa fa-id-card');

-- --------------------------------------------------------

--
-- Table structure for table `user_sub_menu`
--

CREATE TABLE `user_sub_menu` (
  `id` int(11) NOT NULL,
  `menu_id` int(11) NOT NULL,
  `title` varchar(128) NOT NULL,
  `url` varchar(128) NOT NULL,
  `icon` varchar(128) NOT NULL,
  `is_active` int(1) NOT NULL
) ENGINE=InnoDB DEFAULT CHARSET=latin1;

--
-- Dumping data for table `user_sub_menu`
--

INSERT INTO `user_sub_menu` (`id`, `menu_id`, `title`, `url`, `icon`, `is_active`) VALUES
(1, 1, 'dashboard', 'admin', 'nav-icon fas fa-tachometer-alt', 1),
(11, 8, 'Manage Menu', 'menu', 'nav-icon fas fa-user', 1),
(12, 10, 'My Profile', 'profile', '', 1),
(13, 8, 'Manage Submenu', 'submenu', '', 1),
(14, 1, 'Manage User', 'admin/view_user', '', 1),
(15, 1, 'Manage Cabang', 'cabang', '', 1),
(16, 1, 'Data Karyawan', 'karyawan', '', 1),
(17, 11, 'Data Deposito', 'deposito', '', 1),
(18, 11, 'Data Pinjaman', 'pinjaman', '', 1),
(19, 12, 'Data Pipeline', 'pipeline', '', 1),
(20, 12, 'Input data Pipeline', 'pipeline/inputpipeline', '', 1),
(21, 8, 'Role Akses', 'roleakses', '', 1),
(27, 10, 'Edit Profile', 'user/editprofile', '', 1),
(31, 21, 'All Pipeline', 'pipeline/allpipeline', '', 1),
(32, 22, 'Appovel Pipeline', 'pipeline/approvelpipeline', '', 1);

--
-- Indexes for dumped tables
--

--
-- Indexes for table `bulan`
--
ALTER TABLE `bulan`
  ADD PRIMARY KEY (`id_bulan`);

--
-- Indexes for table `cabang`
--
ALTER TABLE `cabang`
  ADD PRIMARY KEY (`kode_cabang`),
  ADD KEY `kode_cab_idx` (`kode_cabang`);

--
-- Indexes for table `deposito`
--
ALTER TABLE `deposito`
  ADD PRIMARY KEY (`id_depo`);

--
-- Indexes for table `jabatan`
--
ALTER TABLE `jabatan`
  ADD PRIMARY KEY (`id_jabatan`);

--
-- Indexes for table `karyawan`
--
ALTER TABLE `karyawan`
  ADD PRIMARY KEY (`id`);

--
-- Indexes for table `pinjaman`
--
ALTER TABLE `pinjaman`
  ADD PRIMARY KEY (`id_pinjaman`);

--
-- Indexes for table `pipeline`
--
ALTER TABLE `pipeline`
  ADD PRIMARY KEY (`id_pipline`);

--
-- Indexes for table `role_id`
--
ALTER TABLE `role_id`
  ADD PRIMARY KEY (`id`);

--
-- Indexes for table `status`
--
ALTER TABLE `status`
  ADD PRIMARY KEY (`id_status`);

--
-- Indexes for table `user`
--
ALTER TABLE `user`
  ADD PRIMARY KEY (`id`);

--
-- Indexes for table `user_access_menu`
--
ALTER TABLE `user_access_menu`
  ADD PRIMARY KEY (`id`);

--
-- Indexes for table `user_menu`
--
ALTER TABLE `user_menu`
  ADD PRIMARY KEY (`id`);

--
-- Indexes for table `user_sub_menu`
--
ALTER TABLE `user_sub_menu`
  ADD PRIMARY KEY (`id`);

--
-- AUTO_INCREMENT for dumped tables
--

--
-- AUTO_INCREMENT for table `bulan`
--
ALTER TABLE `bulan`
  MODIFY `id_bulan` int(10) NOT NULL AUTO_INCREMENT, AUTO_INCREMENT=13;

--
-- AUTO_INCREMENT for table `deposito`
--
ALTER TABLE `deposito`
  MODIFY `id_depo` int(11) NOT NULL AUTO_INCREMENT, AUTO_INCREMENT=536;

--
-- AUTO_INCREMENT for table `jabatan`
--
ALTER TABLE `jabatan`
  MODIFY `id_jabatan` int(11) NOT NULL AUTO_INCREMENT, AUTO_INCREMENT=7;

--
-- AUTO_INCREMENT for table `karyawan`
--
ALTER TABLE `karyawan`
  MODIFY `id` int(20) NOT NULL AUTO_INCREMENT, AUTO_INCREMENT=2;

--
-- AUTO_INCREMENT for table `pinjaman`
--
ALTER TABLE `pinjaman`
  MODIFY `id_pinjaman` int(20) NOT NULL AUTO_INCREMENT, AUTO_INCREMENT=19;

--
-- AUTO_INCREMENT for table `pipeline`
--
ALTER TABLE `pipeline`
  MODIFY `id_pipline` int(11) NOT NULL AUTO_INCREMENT, AUTO_INCREMENT=61;

--
-- AUTO_INCREMENT for table `role_id`
--
ALTER TABLE `role_id`
  MODIFY `id` int(11) NOT NULL AUTO_INCREMENT, AUTO_INCREMENT=7;

--
-- AUTO_INCREMENT for table `status`
--
ALTER TABLE `status`
  MODIFY `id_status` int(11) NOT NULL AUTO_INCREMENT, AUTO_INCREMENT=5;

--
-- AUTO_INCREMENT for table `user`
--
ALTER TABLE `user`
  MODIFY `id` int(11) NOT NULL AUTO_INCREMENT, AUTO_INCREMENT=43;

--
-- AUTO_INCREMENT for table `user_access_menu`
--
ALTER TABLE `user_access_menu`
  MODIFY `id` int(11) NOT NULL AUTO_INCREMENT, AUTO_INCREMENT=45;

--
-- AUTO_INCREMENT for table `user_menu`
--
ALTER TABLE `user_menu`
  MODIFY `id` int(11) NOT NULL AUTO_INCREMENT, AUTO_INCREMENT=23;

--
-- AUTO_INCREMENT for table `user_sub_menu`
--
ALTER TABLE `user_sub_menu`
  MODIFY `id` int(11) NOT NULL AUTO_INCREMENT, AUTO_INCREMENT=33;
COMMIT;

/*!40101 SET CHARACTER_SET_CLIENT=@OLD_CHARACTER_SET_CLIENT */;
/*!40101 SET CHARACTER_SET_RESULTS=@OLD_CHARACTER_SET_RESULTS */;
/*!40101 SET COLLATION_CONNECTION=@OLD_COLLATION_CONNECTION */;
